route,location_id,avg_gap,median_gap,avg_delay,median_delay,major_delay_rate,gapping_rate,bunching_rate,n_incidents
925,17606,2.952,0.0,1.476,0.0,0.0,0.0,0.857,21
25,17606,11.706,0.0,7.324,0.0,0.118,0.088,0.647,34
47,5708,13.476,12.0,7.714,6.5,0.024,0.024,0.643,42
960,23771,8.15,7.0,4.65,3.0,0.1,0.0,0.6,20
110,20414,20.182,17.5,13.409,10.0,0.227,0.0,0.545,22
39,24088,18.85,20.0,9.35,10.0,0.25,0.0,0.45,20
100,17606,11.852,14.0,6.541,6.0,0.082,0.082,0.41,61
63,5774,14.36,15.0,7.36,9.0,0.08,0.08,0.4,25
925,19101,15.643,17.5,8.679,9.0,0.143,0.143,0.393,28
97,27243,32.269,44.0,16.615,24.5,0.0,0.0,0.385,26
925,7479,13.892,18.0,7.649,10.0,0.135,0.027,0.378,37
73,3115,30.56,40.0,16.28,21.0,0.04,0.0,0.36,25
11,4311,29.769,35.5,18.192,17.5,0.231,0.192,0.346,26
100,19224,13.583,16.0,8.917,8.5,0.125,0.083,0.333,24
100,19123,13.786,14.5,8.595,8.0,0.107,0.06,0.333,84
85,16193,20.417,20.0,11.889,11.5,0.111,0.056,0.333,36
925,7500,13.963,18.0,8.037,9.0,0.111,0.0,0.333,27
25,7440,13.127,14.0,7.413,7.0,0.087,0.056,0.325,126
925,7440,16.781,18.0,11.271,9.0,0.208,0.115,0.323,96
63,26592,14.045,12.0,7.375,6.0,0.098,0.027,0.321,112
96,26430,26.48,33.0,12.8,16.0,0.12,0.04,0.32,25
53,17918,12.364,13.0,6.0,6.0,0.045,0.091,0.318,22
100,19101,13.061,16.0,6.727,8.0,0.03,0.061,0.318,66
925,7504,17.5,19.0,10.364,9.5,0.045,0.045,0.318,22
925,19123,17.25,18.0,9.808,9.0,0.173,0.058,0.308,52
85,24530,19.209,16.0,9.744,8.0,0.047,0.0,0.302,43
100,18590,12.037,16.0,6.037,8.0,0.037,0.037,0.296,27
35,18065,18.968,20.0,10.452,12.0,0.387,0.194,0.29,31
59,26592,42.806,36.0,24.226,24.0,0.194,0.161,0.29,31
85,21902,29.516,30.0,17.065,15.0,0.161,0.097,0.29,31
47,14979,28.452,19.0,17.762,9.5,0.119,0.095,0.286,42
68,25299,33.619,24.0,18.81,12.0,0.095,0.095,0.286,21
100,7217,12.429,16.0,6.476,8.0,0.095,0.095,0.286,21
39,10527,27.84,30.0,16.0,15.0,0.28,0.08,0.28,25
37,12509,37.227,40.0,21.909,19.5,0.227,0.091,0.273,22
123,20414,26.227,22.0,14.5,14.5,0.136,0.045,0.273,22
72,17606,10.919,14.0,5.514,7.0,0.0,0.0,0.27,37
39,10342,25.385,20.0,13.538,10.0,0.269,0.077,0.269,26
960,23310,13.333,15.5,9.867,8.0,0.133,0.033,0.267,30
97,27278,49.824,56.5,25.706,29.0,0.118,0.147,0.265,34
100,22971,16.789,16.0,11.263,8.0,0.158,0.132,0.263,38
25,7500,14.049,17.0,7.131,9.0,0.098,0.033,0.262,61
85,16198,23.429,24.0,12.036,12.0,0.048,0.012,0.262,84
97,26592,46.152,53.5,26.304,28.0,0.043,0.065,0.261,46
25,7516,13.174,16.0,6.609,8.0,0.087,0.0,0.261,23
100,7440,11.304,12.0,5.609,6.0,0.0,0.0,0.261,23
97,11081,45.63,60.0,25.778,30.0,0.074,0.037,0.259,27
100,11564,14.657,12.0,9.4,6.0,0.086,0.057,0.257,35
100,6456,12.857,16.0,6.571,8.0,0.029,0.0,0.257,35
939,17164,19.383,16.0,10.532,10.0,0.17,0.128,0.255,47
72,4191,40.75,39.0,26.893,18.0,0.464,0.607,0.25,28
59,16276,57.15,57.0,32.4,28.5,0.3,0.3,0.25,20
63,21573,23.55,19.0,16.1,10.0,0.25,0.2,0.25,20
29,7867,17.0,16.0,9.667,8.0,0.167,0.167,0.25,24
32,18120,21.333,20.0,11.375,10.0,0.167,0.125,0.25,24
68,25272,35.9,39.0,19.55,20.0,0.1,0.1,0.25,20
7,3914,14.75,20.0,10.5,10.0,0.125,0.0,0.25,24
52,15355,26.1,30.0,13.1,15.5,0.05,0.0,0.25,20
96,26377,28.346,25.0,15.605,16.0,0.111,0.025,0.247,81
110,10109,36.551,40.0,18.796,20.0,0.163,0.061,0.245,49
63,15859,15.044,16.0,8.644,8.0,0.111,0.089,0.244,45
52,7997,29.621,34.0,16.828,18.0,0.241,0.034,0.241,29
97,27129,60.04,60.0,30.52,30.0,0.24,0.28,0.24,25
63,9214,26.08,20.0,18.88,10.0,0.24,0.24,0.24,25
25,7436,15.8,14.0,8.48,7.0,0.08,0.08,0.24,25
52,25933,31.88,36.0,17.88,18.0,0.12,0.04,0.24,25
84,21726,29.381,20.0,20.571,10.0,0.19,0.238,0.238,21
43,17164,21.762,20.0,11.333,10.0,0.19,0.19,0.238,21
39,17164,25.952,34.0,13.905,17.0,0.238,0.0,0.238,21
85,21739,22.0,22.0,10.714,11.0,0.0,0.0,0.238,21
25,7479,14.737,18.0,7.724,9.0,0.118,0.053,0.237,76
25,19123,14.917,16.0,8.458,8.0,0.069,0.042,0.236,72
68,25351,33.547,28.5,18.641,16.0,0.125,0.141,0.234,64
68,25387,34.802,26.0,19.186,13.0,0.128,0.151,0.233,86
12,4570,31.918,34.0,16.493,20.0,0.11,0.014,0.233,73
34,9360,27.154,25.0,19.0,16.0,0.462,0.385,0.231,26
97,27096,59.5,60.0,36.346,30.0,0.269,0.192,0.231,26
68,25484,29.737,27.0,15.035,12.0,0.07,0.07,0.228,57
116,17852,13.89,16.0,7.442,8.0,0.067,0.031,0.227,163
94,25618,27.455,32.0,14.591,16.0,0.045,0.0,0.227,22
25,7528,14.935,16.0,8.032,8.0,0.097,0.065,0.226,31
36,3392,13.605,11.0,7.235,5.0,0.198,0.247,0.222,81
925,7529,25.806,20.0,11.306,10.0,0.278,0.083,0.222,36
108,7797,36.407,40.0,20.259,20.0,0.259,0.037,0.222,27
39,10615,25.204,32.0,12.519,15.5,0.13,0.037,0.222,54
96,26418,34.219,40.0,20.031,20.0,0.156,0.062,0.219,32
68,25342,37.564,38.0,21.727,20.0,0.164,0.2,0.218,55
68,25426,34.618,36.0,19.818,20.0,0.164,0.127,0.218,55
39,15921,26.818,34.0,13.4,17.0,0.218,0.0,0.218,55
68,25279,37.652,40.0,17.783,18.0,0.087,0.217,0.217,23
68,25499,33.071,30.0,17.06,16.0,0.104,0.104,0.216,268
79,18058,27.027,20.0,14.568,10.0,0.0,0.081,0.216,37
39,10507,28.0,34.0,15.464,17.0,0.25,0.071,0.214,28
25,7520,15.714,18.0,8.5,9.0,0.143,0.071,0.214,28
96,26371,30.214,35.0,16.786,18.0,0.143,0.036,0.214,28
52,15377,26.393,27.5,14.321,17.0,0.143,0.0,0.214,28
47,26592,22.176,19.0,11.565,9.0,0.035,0.035,0.212,85
96,26036,29.848,38.0,14.909,19.0,0.0,0.0,0.212,33
96,12126,35.023,39.0,21.093,20.0,0.186,0.07,0.209,43
37,12490,47.708,40.0,31.667,20.0,0.417,0.25,0.208,24
84,20672,24.042,16.0,12.417,8.0,0.167,0.208,0.208,24
11,4280,33.075,36.0,17.208,19.0,0.189,0.151,0.208,53
47,14945,26.464,24.0,14.864,12.0,0.112,0.088,0.208,125
94,25612,33.021,40.0,19.375,20.0,0.104,0.083,0.208,48
32,12898,18.583,20.0,9.542,10.0,0.042,0.042,0.208,24
7,3826,16.167,20.0,8.542,10.0,0.083,0.0,0.208,24
29,8028,16.586,16.0,8.31,8.0,0.138,0.138,0.207,29
925,7516,18.483,20.0,9.828,10.0,0.172,0.034,0.207,29
47,14953,24.724,24.0,12.276,12.0,0.034,0.034,0.207,29
929,8028,14.0,16.0,7.265,8.0,0.059,0.059,0.206,34
960,8086,15.231,18.0,10.718,9.0,0.256,0.128,0.205,39
37,12546,36.5,39.0,22.409,20.0,0.25,0.068,0.205,44
47,16061,25.455,24.0,12.659,12.0,0.045,0.045,0.205,44
116,17889,14.891,16.0,7.609,8.0,0.078,0.031,0.203,64
85,21991,36.75,44.0,21.25,22.0,0.7,0.35,0.2,20
63,14003,24.283,20.0,16.333,10.0,0.333,0.267,0.2,60
102,16437,24.36,20.0,13.2,10.0,0.16,0.24,0.2,25
52,15488,33.15,35.0,16.4,16.0,0.3,0.2,0.2,40
43,13680,23.95,20.0,13.65,10.0,0.2,0.2,0.2,20
54,8544,23.45,22.0,12.0,10.5,0.15,0.15,0.2,20
97,27087,54.9,52.0,31.8,26.0,0.1,0.15,0.2,20
85,21846,25.75,23.0,13.2,12.5,0.15,0.1,0.2,20
59,25963,47.96,50.0,26.0,25.0,0.16,0.08,0.2,25
89,25942,19.45,20.0,11.75,10.0,0.15,0.05,0.2,20
12,14203,35.35,41.0,20.6,21.5,0.3,0.0,0.2,20
25,19101,15.122,18.0,8.0,9.0,0.049,0.024,0.195,41
97,9529,45.012,50.0,24.657,27.0,0.012,0.018,0.195,169
95,9847,19.258,20.0,11.258,10.0,0.194,0.161,0.194,31
47,20124,27.274,29.5,14.661,15.5,0.145,0.048,0.194,62
25,18590,14.968,18.0,7.484,9.0,0.065,0.032,0.194,31
59,11630,52.346,58.0,29.615,30.0,0.154,0.077,0.192,26
59,15198,41.769,34.5,27.231,27.5,0.077,0.038,0.192,26
47,14977,23.654,20.0,12.058,10.0,0.019,0.019,0.192,52
39,10532,26.231,32.0,13.077,16.0,0.115,0.0,0.192,26
110,12513,32.346,27.5,17.423,14.5,0.115,0.0,0.192,26
97,27288,63.667,60.0,30.238,30.0,0.333,0.333,0.19,21
960,23517,22.476,20.0,13.286,10.0,0.286,0.238,0.19,21
37,26863,39.238,40.0,24.524,20.0,0.238,0.095,0.19,21
32,24624,20.762,24.0,10.333,12.0,0.095,0.048,0.19,21
96,12077,31.714,40.0,17.0,20.0,0.095,0.048,0.19,21
108,23513,34.476,40.0,18.19,20.0,0.095,0.048,0.19,21
63,19002,14.476,18.0,7.143,9.0,0.0,0.0,0.19,21
85,22145,30.865,40.0,15.486,20.0,0.216,0.108,0.189,37
47,14971,28.688,24.0,16.75,11.0,0.156,0.125,0.188,32
39,10649,30.156,30.0,17.5,15.0,0.156,0.094,0.188,64
47,14972,24.903,20.0,13.306,10.0,0.09,0.042,0.188,144
52,12932,32.023,36.0,16.488,18.0,0.163,0.023,0.186,43
32,9253,21.704,24.0,15.222,12.0,0.185,0.111,0.185,27
52,15132,32.444,36.0,16.148,19.0,0.222,0.074,0.185,27
25,7456,16.567,16.0,9.95,8.0,0.05,0.05,0.183,60
36,3380,13.818,12.0,6.955,6.0,0.136,0.273,0.182,22
29,8015,17.318,16.0,9.591,8.0,0.227,0.227,0.182,22
97,27043,61.227,60.0,38.682,30.0,0.318,0.205,0.182,44
52,13430,33.5,31.5,21.318,19.5,0.364,0.091,0.182,22
47,14966,28.773,32.0,15.227,18.0,0.182,0.091,0.182,22
7,3889,17.5,20.0,8.773,10.0,0.045,0.045,0.182,22
108,21819,33.86,40.0,18.4,20.0,0.18,0.04,0.18,50
925,8993,22.464,20.0,13.786,10.0,0.429,0.179,0.179,28
939,10558,22.786,23.0,12.071,11.5,0.179,0.143,0.179,28
40,8332,36.214,38.0,20.536,20.0,0.214,0.036,0.179,28
96,27571,31.142,38.0,16.29,20.0,0.151,0.012,0.179,324
96,25238,27.857,34.0,14.036,16.0,0.107,0.0,0.179,28
68,25442,35.335,33.0,18.939,17.0,0.102,0.132,0.178,197
39,10819,27.153,32.0,13.922,16.0,0.171,0.014,0.178,580
32,9172,21.351,23.0,10.73,12.0,0.135,0.095,0.176,74
116,17879,23.652,17.0,16.565,8.0,0.174,0.174,0.174,23
129,17164,29.652,30.0,16.739,18.0,0.174,0.174,0.174,23
47,14939,27.565,24.0,15.043,12.0,0.13,0.087,0.174,23
925,18590,20.348,20.0,11.304,10.0,0.217,0.043,0.174,23
79,15475,39.692,38.0,23.192,19.0,0.154,0.308,0.173,52
116,17854,15.18,16.0,7.887,8.0,0.068,0.03,0.173,133
39,17146,30.621,32.0,16.31,16.0,0.069,0.034,0.172,29
7,5865,16.759,20.0,8.207,10.0,0.0,0.0,0.172,29
37,12533,40.6,40.0,27.086,20.0,0.286,0.086,0.171,35
53,23638,24.128,19.0,15.596,7.0,0.234,0.298,0.17,47
47,5651,32.983,36.0,17.746,18.0,0.254,0.22,0.169,59
97,27270,59.071,60.0,30.452,30.0,0.143,0.214,0.167,42
939,10669,25.708,21.0,15.5,10.5,0.167,0.167,0.167,24
960,23571,19.583,16.5,12.208,9.0,0.208,0.125,0.167,24
68,25348,36.0,30.0,18.375,20.0,0.083,0.125,0.167,24
63,19044,17.045,17.0,9.303,8.5,0.121,0.091,0.167,66
25,7461,17.417,18.5,9.667,10.0,0.208,0.083,0.167,24
85,21844,23.458,23.5,11.792,11.5,0.042,0.042,0.167,24
37,12609,35.167,38.0,19.017,19.5,0.15,0.033,0.167,60
41,18058,17.476,19.0,9.143,9.0,0.095,0.024,0.167,42
100,26951,14.365,16.0,7.73,8.0,0.035,0.017,0.165,115
52,3392,32.738,34.0,17.246,19.0,0.262,0.131,0.164,61
929,7928,19.964,16.0,13.091,8.0,0.127,0.127,0.164,55
53,23453,22.058,14.0,11.769,7.0,0.163,0.288,0.163,104
63,23993,18.551,18.0,10.959,9.0,0.184,0.122,0.163,49
47,14948,29.58,30.0,16.462,16.0,0.14,0.126,0.161,143
929,7987,18.242,16.0,12.048,8.0,0.129,0.097,0.161,62
96,26464,32.215,35.0,18.796,20.0,0.226,0.065,0.161,93
929,8053,16.323,16.0,9.339,8.0,0.065,0.032,0.161,62
68,25419,41.68,40.0,21.24,22.0,0.16,0.24,0.16,25
54,15260,24.32,22.0,12.52,11.0,0.16,0.12,0.16,25
96,12540,34.44,40.0,19.48,20.0,0.16,0.04,0.16,25
63,19004,16.302,18.0,9.444,9.0,0.095,0.079,0.159,63
85,21904,29.474,26.0,17.018,13.0,0.175,0.123,0.158,57
85,17246,26.914,30.0,13.993,15.0,0.105,0.072,0.158,152
924,4719,17.711,20.0,8.921,10.0,0.105,0.026,0.158,38
939,10487,28.686,23.0,18.143,11.5,0.243,0.243,0.157,70
85,21694,29.235,27.0,17.039,15.0,0.216,0.176,0.157,51
53,17164,21.219,13.5,10.625,6.5,0.094,0.312,0.156,32
32,9216,25.375,24.0,14.219,12.0,0.156,0.125,0.156,32
52,15114,30.0,36.0,15.778,19.0,0.111,0.022,0.156,45
63,18694,16.578,16.0,9.978,9.0,0.067,0.022,0.156,45
37,20414,30.0,31.5,16.594,18.0,0.094,0.0,0.156,32
38,17364,29.115,29.0,16.038,14.5,0.231,0.192,0.154,26
85,21870,27.365,24.0,15.519,12.0,0.135,0.115,0.154,52
73,12490,43.0,47.0,23.615,23.5,0.115,0.077,0.154,26
929,8092,18.769,16.0,11.462,8.0,0.077,0.077,0.154,26
133,18252,20.308,22.5,11.346,11.5,0.077,0.038,0.154,26
39,10374,25.808,30.5,13.154,15.5,0.154,0.0,0.154,26
97,22910,60.988,56.0,32.4,30.0,0.2,0.235,0.153,85
54,15211,24.635,27.0,12.8,14.0,0.176,0.165,0.153,85
85,21859,26.838,24.0,14.566,12.0,0.101,0.101,0.152,99
63,18699,19.141,18.0,11.022,9.0,0.141,0.098,0.152,92
52,15222,33.457,36.0,17.576,18.0,0.172,0.053,0.152,151
925,5380,19.109,20.0,10.022,10.0,0.304,0.043,0.152,46
12,4719,37.152,40.0,19.826,20.0,0.239,0.022,0.152,46
73,3153,36.394,40.0,20.606,23.0,0.152,0.0,0.152,33
36,10475,16.075,12.0,10.585,6.0,0.208,0.264,0.151,53
85,17236,26.269,28.0,13.376,15.0,0.065,0.043,0.151,93
7,3864,17.753,20.0,9.086,10.0,0.043,0.032,0.151,93
94,11690,38.05,34.0,25.85,17.5,0.15,0.1,0.15,20
96,13247,31.6,39.5,17.35,20.0,0.15,0.05,0.15,20
7,21684,18.75,20.0,10.3,10.0,0.1,0.05,0.15,20
35,12926,16.75,16.0,9.2,8.0,0.1,0.05,0.15,20
63,9529,17.75,20.0,8.85,10.0,0.1,0.05,0.15,20
24,4719,18.872,20.0,10.915,10.0,0.234,0.106,0.149,47
108,7769,33.493,40.0,18.687,20.0,0.149,0.045,0.149,67
960,23479,21.568,20.0,12.728,10.0,0.272,0.173,0.148,81
63,18674,20.444,20.0,12.074,10.0,0.185,0.16,0.148,81
85,21767,30.037,24.0,17.37,12.0,0.148,0.148,0.148,27
96,26548,36.492,40.0,20.59,20.0,0.213,0.098,0.148,61
32,8922,22.4,24.0,12.852,12.0,0.155,0.077,0.148,155
165,18931,17.259,15.0,10.407,7.0,0.037,0.037,0.148,27
68,25433,45.676,40.0,23.147,20.0,0.206,0.235,0.147,34
34,8950,20.5,20.0,10.147,10.0,0.118,0.147,0.147,34
47,8579,25.353,24.0,13.544,12.0,0.059,0.029,0.147,68
29,7905,19.021,16.0,10.917,8.0,0.25,0.208,0.146,48
929,7924,20.438,16.0,13.375,8.0,0.104,0.083,0.146,48
36,10684,15.935,12.0,8.677,6.0,0.161,0.274,0.145,62
54,15337,24.818,22.0,12.727,11.0,0.145,0.145,0.145,55
47,14963,27.841,28.0,14.933,16.0,0.103,0.072,0.144,195
45,14386,37.905,32.0,27.238,16.0,0.333,0.524,0.143,21
85,21743,33.571,38.0,17.5,20.0,0.429,0.357,0.143,42
39,10669,42.095,36.0,28.952,18.0,0.381,0.286,0.143,21
43,9789,24.229,20.0,12.857,11.0,0.286,0.257,0.143,35
54,9148,30.929,22.0,17.357,11.0,0.179,0.25,0.143,28
29,7889,19.762,16.0,11.762,8.0,0.238,0.238,0.143,21
32,9131,24.171,24.0,12.914,12.0,0.171,0.114,0.143,35
94,25629,34.321,34.5,22.179,16.0,0.179,0.107,0.143,28
37,12536,37.381,40.0,23.952,20.0,0.19,0.048,0.143,21
89,25836,18.667,20.0,10.286,10.0,0.095,0.048,0.143,21
29,7961,14.286,16.0,7.143,8.0,0.048,0.048,0.143,21
52,15230,31.107,34.0,16.321,17.0,0.286,0.036,0.143,28
63,19017,18.016,18.0,10.46,9.0,0.063,0.032,0.143,63
96,26633,31.677,39.5,16.744,20.0,0.105,0.003,0.142,344
72,11081,35.282,39.0,20.436,19.5,0.5,0.692,0.141,78
960,23323,17.797,18.0,9.891,10.0,0.188,0.078,0.141,64
25,11063,17.513,18.0,8.833,9.0,0.115,0.051,0.141,78
59,9642,60.34,51.0,31.96,26.0,0.36,0.4,0.14,50
52,23974,28.2,18.0,15.6,10.0,0.22,0.18,0.14,50
60,23638,18.3,18.0,10.58,9.0,0.16,0.08,0.14,50
54,15371,27.917,28.0,12.722,14.0,0.194,0.25,0.139,36
60,27288,17.361,18.0,8.917,9.0,0.056,0.028,0.139,36
54,9003,23.828,22.0,12.517,11.0,0.19,0.207,0.138,58
72,4719,17.345,16.0,8.69,8.0,0.103,0.172,0.138,29
54,15346,30.725,28.0,19.51,14.0,0.373,0.314,0.137,51
11,23974,34.838,36.0,17.991,18.0,0.137,0.137,0.137,117
86,14170,22.773,18.0,11.364,9.5,0.045,0.364,0.136,22
24,25035,22.773,20.0,11.636,10.0,0.318,0.273,0.136,22
35,12817,19.409,18.0,10.818,9.0,0.273,0.136,0.136,22
100,5416,18.955,15.0,11.727,8.0,0.136,0.136,0.136,22
89,25963,22.727,20.0,15.318,10.0,0.182,0.091,0.136,22
39,3676,26.273,30.0,14.455,15.0,0.227,0.045,0.136,22
37,20618,38.318,40.0,19.364,20.0,0.136,0.045,0.136,22
89,13482,17.182,20.0,8.591,10.0,0.045,0.0,0.136,22
63,19032,14.318,16.0,6.909,8.0,0.0,0.0,0.136,22
108,7787,28.0,28.5,13.909,14.0,0.0,0.0,0.136,22
59,15222,60.541,60.0,31.811,30.0,0.27,0.324,0.135,37
52,15137,35.757,40.0,20.243,20.0,0.297,0.135,0.135,37
25,9511,17.0,15.5,9.923,8.0,0.212,0.115,0.135,52
52,19515,30.622,30.0,15.568,17.0,0.135,0.027,0.135,37
129,16946,29.955,26.0,16.0,13.0,0.114,0.168,0.134,202
79,21124,36.217,34.0,18.455,17.0,0.015,0.235,0.133,332
52,7323,35.8,36.0,16.8,18.0,0.222,0.067,0.133,45
133,10527,22.664,24.0,11.383,12.0,0.078,0.055,0.133,128
85,21715,24.853,23.0,13.56,12.0,0.08,0.04,0.133,75
35,13076,16.167,16.0,8.7,9.0,0.067,0.033,0.133,30
12,14200,35.467,40.0,21.433,20.0,0.167,0.0,0.133,30
34,9134,18.947,18.0,9.474,9.0,0.158,0.132,0.132,38
32,9218,21.184,22.0,11.053,12.0,0.079,0.026,0.132,38
86,14067,24.913,20.0,12.304,10.0,0.13,0.348,0.13,23
97,27210,70.304,60.0,38.609,30.0,0.304,0.304,0.13,23
79,21340,35.685,30.0,18.167,15.0,0.074,0.222,0.13,54
47,5190,39.913,38.0,24.957,18.0,0.217,0.217,0.13,23
47,5189,31.957,36.0,17.957,18.0,0.217,0.174,0.13,23
47,14943,31.717,32.0,18.391,15.0,0.13,0.13,0.13,46
36,10375,15.739,14.0,9.87,6.0,0.043,0.13,0.13,23
85,21864,32.283,32.0,17.533,16.0,0.13,0.12,0.13,92
85,21965,26.43,24.0,13.98,12.0,0.1,0.1,0.13,100
29,8191,15.478,16.0,8.043,8.0,0.109,0.087,0.13,46
110,14597,37.348,33.0,19.935,21.0,0.239,0.065,0.13,46
32,18058,21.139,20.0,11.472,10.0,0.111,0.056,0.13,108
108,7796,35.348,40.0,20.217,20.0,0.261,0.043,0.13,23
52,24382,30.13,36.0,16.348,18.0,0.087,0.043,0.13,23
53,23595,26.806,19.0,17.29,12.0,0.258,0.323,0.129,31
79,12932,38.645,48.0,19.871,24.0,0.032,0.226,0.129,31
110,12631,35.613,36.0,17.968,18.0,0.194,0.0,0.129,31
39,18252,29.515,34.0,15.059,17.0,0.178,0.0,0.129,101
45,14423,24.231,20.0,15.0,12.0,0.205,0.359,0.128,39
45,14536,20.75,20.0,10.717,10.0,0.089,0.189,0.128,180
29,7923,16.638,16.0,9.83,8.0,0.191,0.17,0.128,47
85,25108,25.564,24.0,13.897,12.0,0.103,0.051,0.128,39
94,19068,30.08,34.0,15.535,18.0,0.043,0.005,0.128,187
52,15313,32.487,38.0,16.385,20.0,0.154,0.0,0.128,39
39,10385,27.679,34.0,13.756,17.0,0.077,0.0,0.128,78
97,27332,67.905,60.0,34.429,30.0,0.286,0.302,0.127,63
52,19528,31.873,35.5,16.458,18.0,0.169,0.068,0.127,118
63,5955,15.587,16.0,8.032,10.0,0.079,0.032,0.127,63
97,7161,62.931,60.0,34.253,30.0,0.23,0.207,0.126,87
59,15695,53.52,52.0,27.298,26.0,0.149,0.169,0.126,302
939,10398,24.45,24.0,12.975,12.5,0.2,0.2,0.125,40
63,20165,26.531,20.0,18.312,10.0,0.219,0.188,0.125,32
32,5651,23.5,23.0,11.917,11.5,0.208,0.167,0.125,24
34,9511,19.5,16.0,11.1,9.0,0.15,0.15,0.125,40
165,3392,16.95,14.5,9.7,7.0,0.3,0.125,0.125,40
165,26377,22.375,20.0,14.281,10.0,0.141,0.125,0.125,64
35,12915,21.0,20.0,12.417,10.0,0.125,0.125,0.125,24
63,18667,19.25,18.0,11.906,9.5,0.188,0.094,0.125,32
85,21941,31.375,30.0,17.875,14.5,0.167,0.083,0.125,24
7,3785,20.0,20.0,10.646,10.0,0.104,0.083,0.125,48
47,22729,31.062,32.0,17.656,15.0,0.094,0.062,0.125,32
960,22450,17.0,16.0,8.531,8.0,0.094,0.062,0.125,32
35,12850,19.322,20.0,10.835,10.0,0.182,0.116,0.124,121
85,21955,28.895,26.0,16.124,15.0,0.171,0.114,0.124,105
11,4350,36.831,36.0,20.369,19.0,0.277,0.246,0.123,65
939,10637,24.548,24.0,14.0,12.0,0.233,0.205,0.123,73
47,14935,31.726,36.0,17.406,18.0,0.189,0.151,0.123,106
35,18808,18.479,18.0,9.616,10.0,0.151,0.137,0.123,73
52,15198,32.123,36.0,16.962,18.0,0.162,0.062,0.123,130
85,21927,26.292,24.0,13.066,12.0,0.085,0.057,0.123,106
7,3880,18.14,20.0,9.561,10.0,0.053,0.035,0.123,57
960,23569,16.772,18.0,9.175,9.0,0.053,0.018,0.123,57
37,12515,35.738,38.0,17.754,19.0,0.092,0.015,0.123,65
52,15122,31.957,36.0,16.754,18.0,0.181,0.014,0.123,138
52,15291,33.71,39.0,17.321,20.0,0.198,0.053,0.122,131
47,14942,27.0,24.0,14.024,12.0,0.073,0.049,0.122,41
63,19068,15.716,18.0,8.015,9.0,0.063,0.048,0.122,458
97,27187,68.061,58.0,35.909,28.0,0.242,0.303,0.121,33
68,25337,38.985,40.0,20.303,20.0,0.121,0.136,0.121,66
96,12120,33.364,40.0,17.303,20.0,0.152,0.03,0.121,33
939,13733,26.36,28.0,14.92,15.0,0.28,0.28,0.12,25
29,7932,19.24,16.0,10.88,10.0,0.32,0.24,0.12,25
40,8360,39.96,30.0,22.76,20.0,0.2,0.08,0.12,25
40,8379,39.22,41.0,20.82,22.0,0.24,0.04,0.12,50
94,5912,29.613,34.0,15.141,17.0,0.023,0.004,0.12,517
43,13704,24.492,20.0,12.524,10.0,0.294,0.286,0.119,126
29,8076,20.714,16.0,12.083,8.0,0.25,0.25,0.119,84
54,15454,26.119,22.0,14.67,11.0,0.183,0.174,0.119,109
39,10504,28.04,32.0,14.515,16.0,0.139,0.03,0.119,101
129,16931,31.941,29.5,16.559,14.5,0.088,0.206,0.118,34
960,23440,20.392,18.0,11.098,9.0,0.176,0.157,0.118,51
89,25871,23.255,20.0,14.549,10.0,0.176,0.098,0.118,51
37,12625,41.686,40.0,23.627,20.0,0.294,0.078,0.118,51
96,26397,33.265,34.5,16.588,19.0,0.176,0.029,0.118,34
96,13516,32.147,34.5,17.147,17.5,0.029,0.029,0.118,34
96,9965,32.059,37.0,16.559,18.5,0.088,0.0,0.118,34
29,8080,18.0,16.0,10.854,8.0,0.165,0.136,0.117,103
94,25637,31.821,40.0,16.422,20.0,0.035,0.012,0.116,173
29,7915,21.276,16.0,12.414,8.0,0.264,0.264,0.115,87
54,15134,26.192,28.0,13.865,14.0,0.212,0.212,0.115,52
102,16431,27.385,22.5,15.231,11.0,0.192,0.192,0.115,26
29,8071,16.038,16.0,7.923,8.0,0.192,0.154,0.115,26
95,27448,22.793,20.0,10.885,10.0,0.115,0.103,0.115,87
929,8043,18.506,16.0,10.966,8.0,0.092,0.069,0.115,87
63,9642,16.847,18.0,8.769,9.0,0.08,0.038,0.115,1237
73,20414,33.577,34.0,21.038,22.0,0.077,0.0,0.115,26
102,16152,44.886,45.0,24.171,28.0,0.514,0.543,0.114,35
68,25323,43.771,40.0,25.8,20.0,0.257,0.257,0.114,35
41,13463,24.023,20.0,13.75,10.0,0.205,0.182,0.114,44
960,23630,18.486,18.0,10.457,9.0,0.143,0.057,0.114,35
110,12544,35.318,36.0,18.784,19.5,0.102,0.011,0.114,88
73,21040,39.831,44.0,20.225,22.0,0.071,0.002,0.114,510
925,7518,18.795,20.0,9.409,10.0,0.159,0.0,0.114,44
32,9111,26.528,24.0,15.792,12.0,0.17,0.151,0.113,53
960,27288,17.461,18.0,9.087,9.0,0.113,0.061,0.113,115
40,8339,42.0,40.0,22.887,20.0,0.245,0.057,0.113,53
939,17895,18.34,16.0,9.453,8.0,0.019,0.019,0.113,53
12,14059,40.488,40.0,20.638,20.5,0.188,0.0,0.112,80
47,5686,35.926,36.0,21.852,18.0,0.185,0.222,0.111,27
45,23455,22.111,20.0,11.944,10.0,0.111,0.194,0.111,36
32,9254,23.944,24.0,11.972,12.0,0.167,0.111,0.111,36
39,10355,30.244,32.0,17.422,16.0,0.178,0.044,0.111,45
116,11597,17.694,16.0,10.972,8.0,0.111,0.028,0.111,36
52,16673,29.417,30.0,16.056,16.0,0.222,0.0,0.111,36
53,23623,25.951,19.0,15.256,10.5,0.232,0.293,0.11,82
97,11880,61.816,60.0,33.456,30.0,0.169,0.228,0.11,136
54,15332,26.462,26.0,13.484,13.0,0.176,0.198,0.11,91
32,9000,23.455,24.0,12.746,12.0,0.177,0.12,0.11,209
63,9172,17.923,18.0,9.648,10.0,0.121,0.077,0.11,91
960,23638,18.085,18.5,9.659,9.5,0.159,0.073,0.11,82
929,7877,16.347,16.0,8.746,8.0,0.059,0.051,0.11,118
52,15641,33.212,36.0,17.401,20.0,0.187,0.022,0.109,359
84,3392,22.919,20.0,13.054,10.0,0.108,0.378,0.108,37
86,17236,23.063,20.0,11.865,10.0,0.063,0.252,0.108,222
35,13008,20.216,20.0,11.892,10.0,0.216,0.135,0.108,37
52,15414,34.365,37.0,18.811,19.5,0.203,0.068,0.108,74
37,12606,35.477,38.0,19.308,20.0,0.123,0.046,0.108,65
37,23436,39.338,40.0,19.446,20.0,0.169,0.031,0.108,65
52,9529,32.734,36.0,16.916,18.0,0.178,0.024,0.108,286
36,10574,15.714,12.5,8.857,6.5,0.179,0.357,0.107,28
38,17395,26.0,24.0,13.464,12.0,0.214,0.107,0.107,28
85,21822,30.94,30.0,17.833,15.0,0.179,0.107,0.107,84
32,8944,22.036,20.0,11.143,10.0,0.143,0.107,0.107,28
100,9511,16.036,15.0,9.036,7.0,0.107,0.107,0.107,28
85,21850,27.04,26.0,13.887,13.0,0.06,0.053,0.107,150
60,8086,19.143,18.0,10.643,9.0,0.143,0.036,0.107,28
25,7529,16.786,18.0,8.607,9.0,0.125,0.036,0.107,56
35,12859,17.286,17.5,8.714,8.5,0.107,0.036,0.107,28
7,11506,16.679,20.0,8.286,10.0,0.0,0.0,0.107,28
59,18638,57.064,60.0,29.0,30.0,0.149,0.234,0.106,47
43,13813,28.043,20.0,17.766,10.0,0.234,0.213,0.106,47
129,16935,31.894,30.0,17.667,15.5,0.167,0.212,0.106,66
85,21878,29.451,30.0,17.292,15.0,0.106,0.071,0.106,113
43,13782,19.755,20.0,10.66,10.0,0.053,0.064,0.106,94
54,9529,23.829,22.0,12.15,11.0,0.154,0.175,0.105,800
29,8092,16.921,16.0,8.395,8.0,0.158,0.158,0.105,38
7,3859,20.737,20.0,11.386,10.0,0.088,0.088,0.105,57
7,4013,18.474,20.0,9.746,10.0,0.061,0.035,0.105,114
939,10819,22.281,20.0,11.629,10.0,0.118,0.108,0.104,502
95,9833,22.938,20.0,13.333,10.0,0.104,0.104,0.104,48
32,8915,21.224,20.0,10.94,12.0,0.03,0.03,0.104,67
53,23497,22.569,16.0,12.414,8.5,0.138,0.259,0.103,58
129,23489,29.379,27.0,15.103,13.0,0.034,0.207,0.103,29
86,21864,20.59,20.0,10.462,10.0,0.051,0.179,0.103,39
29,7977,17.931,16.0,8.931,8.0,0.172,0.172,0.103,29
29,7924,18.77,16.0,10.816,8.0,0.172,0.161,0.103,87
47,15003,30.793,34.0,15.353,16.5,0.138,0.129,0.103,116
35,18058,19.224,20.0,9.914,10.0,0.155,0.103,0.103,58
54,8950,21.31,20.0,10.621,10.0,0.069,0.103,0.103,29
63,18664,20.931,20.0,12.828,10.0,0.103,0.069,0.103,29
52,7320,36.218,40.0,20.253,20.0,0.241,0.057,0.103,87
100,5438,15.745,17.0,8.25,9.0,0.054,0.03,0.103,572
96,5868,31.862,40.0,18.138,20.0,0.069,0.0,0.103,29
86,16193,27.746,30.0,14.475,15.0,0.169,0.441,0.102,59
97,27343,74.284,60.0,38.42,30.0,0.364,0.375,0.102,88
86,14107,23.458,20.0,12.475,10.0,0.085,0.305,0.102,59
32,9113,27.085,24.0,14.924,12.0,0.237,0.203,0.102,118
39,10495,32.017,32.0,18.831,16.0,0.288,0.085,0.102,59
7,3930,19.198,20.0,10.76,10.0,0.06,0.03,0.102,167
7,4006,19.845,20.0,11.24,10.0,0.085,0.062,0.101,129
54,21252,29.3,28.0,15.45,14.0,0.35,0.35,0.1,40
86,24532,27.1,27.0,13.9,13.5,0.15,0.35,0.1,20
939,17364,27.7,24.0,15.7,12.5,0.3,0.3,0.1,30
29,7928,20.671,16.0,11.629,8.0,0.257,0.243,0.1,70
129,17395,29.033,28.0,15.167,14.0,0.133,0.2,0.1,30
59,15325,56.433,55.0,30.733,29.5,0.267,0.167,0.1,30
939,10509,23.95,20.0,13.1,10.0,0.162,0.15,0.1,80
85,21936,29.85,30.0,15.85,15.5,0.15,0.15,0.1,20
165,26371,17.333,17.5,11.2,10.0,0.2,0.133,0.1,30
54,9197,24.7,22.0,13.55,11.0,0.1,0.1,0.1,20
129,17364,27.15,28.0,15.3,12.0,0.1,0.1,0.1,20
54,8926,23.32,22.0,12.02,11.0,0.1,0.08,0.1,50
7,3847,21.033,20.0,12.367,10.0,0.067,0.067,0.1,30
52,3033,36.5,38.0,20.6,19.0,0.35,0.05,0.1,20
116,17864,17.25,16.0,9.6,8.5,0.15,0.05,0.1,20
41,13465,18.3,20.0,9.15,10.0,0.1,0.05,0.1,20
36,10671,11.45,12.0,7.6,6.0,0.05,0.05,0.1,20
43,17451,19.948,20.0,10.783,10.0,0.039,0.039,0.1,230
7,3787,18.667,20.0,9.733,10.0,0.067,0.033,0.1,30
129,21237,29.0,25.5,15.099,11.0,0.113,0.19,0.099,142
123,14616,32.865,33.0,16.931,18.0,0.12,0.049,0.099,465
54,15295,26.179,26.0,13.759,13.0,0.214,0.223,0.098,112
97,27107,61.51,60.0,34.588,30.0,0.216,0.176,0.098,51
29,22673,20.664,16.0,11.098,8.0,0.189,0.175,0.098,143
54,15778,27.032,23.0,14.677,11.0,0.161,0.226,0.097,62
35,12898,20.097,18.0,11.71,10.0,0.323,0.194,0.097,31
29,7987,18.379,16.0,10.233,8.0,0.204,0.184,0.097,103
110,12515,41.097,44.0,23.806,22.0,0.194,0.097,0.097,31
960,23447,18.583,18.0,10.32,9.0,0.155,0.087,0.097,103
52,24384,35.774,38.0,17.613,18.0,0.129,0.032,0.097,31
102,3254,20.097,20.0,10.387,10.0,0.0,0.032,0.097,31
116,9178,15.387,16.0,7.645,8.0,0.0,0.0,0.097,31
116,16193,17.442,16.0,8.788,8.0,0.288,0.25,0.096,52
84,21819,23.807,18.0,14.544,9.0,0.158,0.246,0.096,114
29,8086,44.333,60.0,22.905,30.0,0.714,0.714,0.095,21
63,21577,26.357,20.0,17.452,10.0,0.333,0.31,0.095,42
35,12967,24.476,20.0,13.381,10.0,0.286,0.238,0.095,21
129,13733,30.714,28.0,17.952,14.0,0.238,0.238,0.095,21
29,8053,22.432,16.0,13.838,8.0,0.23,0.216,0.095,74
36,10511,14.857,13.0,9.333,7.0,0.19,0.19,0.095,21
96,10449,37.571,40.0,21.095,20.0,0.238,0.095,0.095,21
32,9274,23.762,24.0,11.429,12.0,0.143,0.095,0.095,21
94,19395,37.619,40.0,22.952,20.0,0.143,0.095,0.095,21
7,4052,28.048,20.0,9.286,10.0,0.048,0.095,0.095,21
79,21087,36.095,40.0,17.905,20.0,0.0,0.095,0.095,21
37,20620,35.429,40.0,17.429,20.0,0.048,0.0,0.095,21
102,16415,31.66,20.0,18.0,10.0,0.226,0.34,0.094,53
79,21344,39.094,40.0,20.156,22.0,0.062,0.312,0.094,32
32,9035,24.875,21.5,12.719,11.5,0.219,0.125,0.094,32
32,4796,25.969,24.0,14.469,12.0,0.188,0.125,0.094,32
52,15475,34.104,36.0,18.238,18.0,0.188,0.079,0.094,202
52,7336,37.5,40.0,20.219,20.0,0.312,0.062,0.094,32
116,9128,15.969,16.0,7.906,8.0,0.062,0.031,0.094,32
108,19763,35.375,40.0,18.094,20.0,0.205,0.009,0.094,224
54,15323,26.113,28.0,14.979,14.0,0.165,0.144,0.093,97
929,7999,18.767,16.0,12.977,8.0,0.093,0.07,0.093,43
7,3840,19.68,20.0,10.427,10.0,0.053,0.053,0.093,75
53,23474,24.368,20.0,12.342,10.0,0.158,0.368,0.092,76
84,21664,22.138,18.0,12.815,10.0,0.138,0.246,0.092,65
60,23359,21.579,19.0,12.276,10.0,0.145,0.105,0.092,76
94,25627,31.0,39.0,16.855,20.0,0.039,0.026,0.092,76
52,15695,33.821,37.0,17.176,19.0,0.179,0.017,0.092,687
102,16403,54.758,60.0,28.242,30.0,0.545,0.667,0.091,33
72,5799,23.614,18.0,12.636,9.0,0.227,0.341,0.091,44
34,9148,25.195,22.0,13.364,11.0,0.247,0.273,0.091,77
43,13733,25.879,20.0,14.72,10.0,0.227,0.235,0.091,132
29,8146,19.455,16.0,10.091,8.0,0.227,0.227,0.091,22
95,9864,23.576,22.0,12.591,10.5,0.242,0.212,0.091,66
95,9745,24.455,20.0,13.848,10.0,0.212,0.212,0.091,33
54,15386,24.636,25.0,12.727,13.0,0.182,0.182,0.091,22
165,23630,22.182,20.0,11.5,10.0,0.182,0.182,0.091,22
63,19030,21.955,18.5,14.727,10.0,0.227,0.136,0.091,22
63,19024,19.364,18.0,11.818,9.0,0.136,0.136,0.091,22
95,16193,21.273,20.0,11.945,10.0,0.182,0.127,0.091,55
34,9259,21.227,20.0,11.182,10.0,0.091,0.091,0.091,22
25,7514,19.205,18.0,10.591,9.0,0.136,0.068,0.091,44
43,23453,20.409,20.0,10.318,10.0,0.045,0.045,0.091,22
929,7952,19.068,16.0,7.523,8.0,0.0,0.023,0.091,44
7,4130,18.038,20.0,9.353,10.0,0.029,0.013,0.091,692
37,12539,36.345,36.0,19.018,18.0,0.091,0.0,0.091,55
52,7312,32.423,33.5,17.603,18.0,0.154,0.051,0.09,78
96,5885,34.531,40.0,17.345,20.0,0.131,0.0,0.09,145
129,16905,34.671,28.0,19.962,14.0,0.19,0.266,0.089,79
45,14375,22.933,20.0,13.289,10.0,0.133,0.222,0.089,45
63,19008,19.911,18.0,11.711,9.0,0.111,0.111,0.089,45
85,7578,29.984,30.0,15.185,16.0,0.111,0.081,0.089,693
38,9792,24.532,26.0,12.57,13.0,0.127,0.051,0.089,79
32,9039,27.647,24.0,16.353,12.0,0.235,0.176,0.088,34
24,25044,22.812,20.0,13.388,10.0,0.212,0.175,0.088,80
129,21269,27.529,21.0,14.235,10.0,0.059,0.147,0.088,34
165,26464,20.112,17.0,12.412,8.5,0.162,0.125,0.088,80
165,26030,21.853,15.5,14.235,8.0,0.206,0.118,0.088,34
165,26002,19.824,20.0,11.912,10.0,0.147,0.088,0.088,68
94,25616,34.842,40.0,19.807,20.0,0.123,0.088,0.088,57
24,25079,21.676,19.0,8.794,9.0,0.059,0.088,0.088,34
39,10637,30.812,33.0,16.588,17.0,0.188,0.038,0.088,80
110,12681,37.592,40.0,19.342,20.0,0.122,0.0,0.088,319
102,6005,36.826,40.0,18.261,20.0,0.0,0.783,0.087,23
86,9184,27.826,27.0,13.87,13.5,0.109,0.478,0.087,46
36,10595,16.116,12.0,10.043,6.0,0.159,0.246,0.087,69
165,26430,21.913,20.0,13.957,10.0,0.174,0.174,0.087,23
36,10520,13.478,12.0,6.783,6.0,0.065,0.174,0.087,46
79,21352,38.913,40.0,19.652,20.0,0.0,0.174,0.087,23
41,13516,24.34,20.0,14.049,10.0,0.204,0.146,0.087,103
89,26013,23.522,20.0,13.957,10.0,0.13,0.13,0.087,23
100,7528,15.565,16.0,8.406,8.0,0.13,0.051,0.087,138
96,12069,34.696,40.0,18.435,20.0,0.174,0.043,0.087,23
925,5438,20.735,20.0,10.972,10.0,0.3,0.024,0.087,253
52,15400,34.63,40.0,18.37,20.0,0.13,0.022,0.087,46
7,4021,18.283,20.0,9.196,10.0,0.087,0.022,0.087,46
37,4902,35.283,40.0,18.304,20.0,0.109,0.0,0.087,46
32,3539,19.435,20.0,10.087,12.0,0.0,0.0,0.087,23
102,16447,26.8,23.0,16.886,12.0,0.2,0.257,0.086,35
45,14519,23.4,20.0,13.6,10.0,0.143,0.2,0.086,35
84,22207,20.299,18.0,10.742,9.0,0.058,0.172,0.086,291
165,26418,22.2,20.0,13.8,10.0,0.2,0.143,0.086,35
60,23323,21.229,18.0,12.229,9.0,0.186,0.143,0.086,70
960,23359,19.864,18.0,11.963,9.0,0.272,0.123,0.086,81
929,7898,18.286,16.0,10.886,8.0,0.086,0.086,0.086,35
89,25911,19.707,20.0,11.207,10.0,0.103,0.069,0.086,58
63,19038,22.743,20.0,14.571,10.0,0.114,0.057,0.086,35
60,26592,16.776,16.0,8.914,8.0,0.103,0.034,0.086,58
108,7774,35.514,34.0,19.171,17.0,0.2,0.029,0.086,35
925,7578,19.543,20.0,9.893,10.0,0.186,0.007,0.086,140
12,25162,39.13,40.0,19.962,20.0,0.166,0.004,0.086,476
36,10623,20.468,16.0,13.787,8.0,0.277,0.34,0.085,47
35,12761,19.596,18.0,10.149,10.0,0.213,0.17,0.085,47
29,8043,19.723,16.0,11.769,8.0,0.177,0.162,0.085,130
32,24627,23.22,20.0,12.661,10.0,0.136,0.085,0.085,59
102,16352,31.537,20.0,17.579,10.0,0.168,0.305,0.084,95
102,22738,32.167,26.5,20.083,13.5,0.208,0.333,0.083,24
54,15298,32.274,28.0,18.333,14.0,0.274,0.286,0.083,84
36,10536,13.783,12.0,7.517,6.0,0.083,0.217,0.083,60
35,12792,23.917,20.0,14.417,10.0,0.222,0.194,0.083,36
29,7952,19.667,16.0,11.528,8.0,0.194,0.194,0.083,36
11,7161,36.398,36.0,18.281,18.0,0.174,0.168,0.083,374
85,21689,37.875,40.0,20.875,20.0,0.333,0.167,0.083,24
939,16935,24.194,24.0,12.926,12.0,0.176,0.167,0.083,108
36,10327,12.222,12.0,6.111,6.0,0.0,0.167,0.083,36
123,22415,41.208,40.0,24.875,20.0,0.208,0.125,0.083,24
63,18685,19.5,20.0,11.0,10.0,0.167,0.125,0.083,24
116,11612,17.278,18.5,9.333,10.0,0.111,0.083,0.083,36
29,8124,15.417,15.0,7.625,7.0,0.083,0.083,0.083,24
116,9191,17.733,16.0,9.5,8.0,0.117,0.067,0.083,60
39,10487,28.75,30.0,17.056,15.0,0.111,0.056,0.083,36
89,25991,20.367,20.0,11.1,10.0,0.1,0.05,0.083,60
85,13782,24.208,24.0,12.333,11.0,0.083,0.042,0.083,24
54,15174,23.083,22.5,11.5,11.0,0.042,0.042,0.083,24
925,9511,18.333,19.0,9.972,9.5,0.111,0.028,0.083,36
39,10480,27.859,32.0,14.057,16.0,0.135,0.005,0.083,192
165,21970,15.5,18.0,7.708,9.0,0.0,0.0,0.083,24
53,23489,26.859,20.0,15.8,9.0,0.176,0.294,0.082,85
939,10350,22.888,20.0,11.837,10.0,0.112,0.112,0.082,98
24,25108,20.932,20.0,11.521,10.0,0.11,0.11,0.082,73
38,13864,25.637,28.0,13.251,14.0,0.139,0.079,0.082,267
929,7997,16.658,16.0,9.021,8.0,0.053,0.041,0.082,243
108,22207,36.043,40.0,18.268,20.0,0.179,0.004,0.082,280
54,15155,29.027,28.0,15.919,14.0,0.189,0.243,0.081,37
35,13067,22.788,18.0,13.538,10.0,0.25,0.212,0.081,160
97,10819,63.758,60.0,33.613,30.0,0.177,0.21,0.081,62
63,22811,20.405,19.0,12.081,10.0,0.135,0.135,0.081,37
939,10504,22.874,22.0,11.815,11.0,0.133,0.133,0.081,135
35,12989,19.282,18.0,10.323,10.0,0.145,0.113,0.081,124
72,19189,23.267,18.0,12.88,9.0,0.187,0.253,0.08,75
36,10687,16.4,12.0,8.84,6.0,0.12,0.24,0.08,25
38,9827,31.76,30.0,22.04,15.0,0.4,0.2,0.08,25
32,8961,26.796,24.0,14.699,12.0,0.195,0.177,0.08,113
47,5671,34.04,36.0,18.2,18.0,0.24,0.16,0.08,25
54,20869,26.3,24.5,13.76,14.0,0.18,0.16,0.08,50
129,16864,27.51,26.0,13.86,13.0,0.08,0.15,0.08,100
133,13864,25.897,24.0,13.414,12.0,0.137,0.087,0.08,263
929,7923,18.04,16.0,11.2,8.0,0.2,0.08,0.08,25
47,27619,33.64,36.0,17.0,19.0,0.12,0.08,0.08,25
939,17372,21.96,20.0,12.0,10.0,0.12,0.08,0.08,25
85,21651,24.28,20.0,12.32,10.0,0.08,0.08,0.08,25
34,9334,19.354,18.0,10.292,9.0,0.08,0.062,0.08,113
7,3877,19.566,20.0,10.646,10.0,0.097,0.053,0.08,113
37,12633,37.96,40.0,19.36,20.0,0.12,0.04,0.08,25
43,23498,19.48,20.0,11.84,10.0,0.08,0.04,0.08,25
89,13414,18.64,20.0,9.36,10.0,0.08,0.04,0.08,25
39,10350,29.12,30.0,15.68,15.5,0.1,0.02,0.08,50
34,9003,25.974,21.0,13.211,10.5,0.289,0.289,0.079,38
36,10466,15.72,12.0,9.335,6.0,0.122,0.207,0.079,164
41,12376,24.395,20.0,14.158,11.0,0.342,0.158,0.079,38
43,13743,22.674,20.0,12.955,10.0,0.09,0.09,0.079,89
86,17246,19.288,20.0,9.748,10.0,0.014,0.072,0.079,139
96,3153,32.868,40.0,17.0,20.0,0.079,0.0,0.079,38
29,18058,22.588,20.0,12.059,10.0,0.314,0.255,0.078,51
29,7997,16.441,16.0,8.88,8.0,0.124,0.11,0.078,435
34,9324,19.944,18.0,10.789,9.0,0.067,0.067,0.078,90
72,24447,16.969,15.5,9.109,8.0,0.031,0.031,0.078,64
38,21269,25.157,26.0,13.0,14.0,0.078,0.02,0.078,51
72,5808,28.385,20.0,18.923,10.0,0.269,0.346,0.077,26
35,12908,29.308,24.0,18.462,12.0,0.346,0.308,0.077,26
36,10571,18.442,12.0,11.327,6.0,0.231,0.269,0.077,52
53,23466,22.615,17.5,12.385,8.5,0.192,0.231,0.077,26
36,10499,15.481,12.0,9.442,6.0,0.115,0.231,0.077,52
32,9059,30.205,24.0,13.026,12.0,0.205,0.205,0.077,39
52,15159,33.538,36.0,16.846,18.0,0.154,0.115,0.077,26
29,8116,18.043,16.0,10.026,8.0,0.12,0.111,0.077,117
52,5117,35.538,36.0,18.077,18.0,0.103,0.077,0.077,39
116,8930,16.5,16.0,8.269,8.0,0.038,0.077,0.077,26
25,7454,19.712,18.0,10.019,9.0,0.154,0.058,0.077,52
34,8940,19.673,20.0,10.327,10.0,0.058,0.038,0.077,52
165,10658,17.329,17.0,9.657,8.0,0.119,0.035,0.077,143
96,12063,33.359,40.0,16.744,20.0,0.077,0.026,0.077,39
116,17881,18.59,16.0,10.462,8.0,0.077,0.026,0.077,39
123,10092,32.423,30.0,17.115,15.0,0.154,0.0,0.077,26
25,5416,16.423,18.0,8.231,9.0,0.038,0.0,0.077,26
7,3849,17.038,20.0,8.615,10.0,0.0,0.0,0.077,26
36,10601,18.455,12.0,10.97,6.0,0.182,0.242,0.076,66
36,10658,15.452,12.0,8.7,6.0,0.141,0.224,0.076,263
85,20869,33.909,35.0,17.644,18.0,0.22,0.159,0.076,132
54,15423,24.258,22.0,12.909,11.0,0.136,0.152,0.076,66
40,14616,42.479,44.0,21.434,22.0,0.174,0.0,0.076,288
86,8990,28.642,28.0,14.906,14.0,0.151,0.472,0.075,53
102,25433,29.425,20.5,14.975,10.5,0.15,0.325,0.075,40
102,16440,29.031,23.0,15.012,12.0,0.149,0.298,0.075,161
35,13056,25.29,20.0,15.387,10.0,0.269,0.247,0.075,93
68,25374,42.788,40.0,23.738,22.5,0.212,0.225,0.075,80
95,27462,24.34,20.0,13.33,10.0,0.17,0.151,0.075,106
85,21885,35.85,32.0,22.325,17.0,0.15,0.15,0.075,40
939,10480,23.819,24.5,12.053,13.0,0.155,0.142,0.075,226
63,18992,23.189,18.0,13.717,9.0,0.132,0.132,0.075,53
960,23419,18.975,19.5,10.3,10.0,0.2,0.125,0.075,40
32,9079,22.925,21.0,12.15,11.5,0.175,0.1,0.075,40
35,13157,18.699,18.0,9.606,9.0,0.106,0.083,0.075,840
96,26454,34.479,40.0,17.819,20.0,0.128,0.011,0.075,265
53,27082,28.889,26.0,17.185,10.0,0.222,0.481,0.074,27
35,12780,19.519,18.0,10.278,9.0,0.148,0.111,0.074,54
38,9833,27.444,25.0,15.111,13.0,0.148,0.111,0.074,27
54,9511,23.021,20.0,13.368,10.0,0.137,0.105,0.074,95
24,23771,19.741,20.0,10.185,10.0,0.185,0.074,0.074,27
960,14536,17.704,16.0,10.074,9.0,0.148,0.074,0.074,27
929,7905,18.63,16.0,10.593,8.0,0.074,0.074,0.074,27
52,15379,33.426,40.0,16.852,20.0,0.13,0.037,0.074,54
100,26957,16.778,16.0,8.37,8.0,0.074,0.037,0.074,27
52,15287,33.77,36.0,17.063,19.0,0.16,0.02,0.074,443
102,16393,31.682,25.0,16.518,12.0,0.173,0.327,0.073,110
43,9123,24.564,20.0,12.182,10.0,0.218,0.236,0.073,55
32,9214,26.768,24.0,15.061,12.0,0.244,0.22,0.073,82
63,18996,25.561,20.0,15.537,10.0,0.195,0.195,0.073,41
54,23233,27.232,22.0,15.537,11.0,0.195,0.171,0.073,82
165,26633,16.52,17.0,8.692,9.0,0.093,0.03,0.073,302
165,27571,16.597,18.0,8.513,9.0,0.11,0.041,0.072,345
12,13864,39.32,40.0,20.287,20.0,0.204,0.017,0.072,181
95,9827,23.714,20.0,12.69,10.0,0.238,0.238,0.071,42
24,25045,25.786,20.0,15.381,10.0,0.286,0.19,0.071,42
95,9742,24.464,20.0,13.75,10.0,0.179,0.179,0.071,28
95,9807,22.67,20.0,11.812,10.0,0.188,0.161,0.071,112
24,25052,24.476,20.0,15.786,10.0,0.143,0.143,0.071,42
116,9168,17.595,16.0,9.381,8.0,0.107,0.083,0.071,84
39,10509,31.482,32.0,17.482,16.5,0.196,0.036,0.071,56
116,14188,17.143,17.0,8.5,8.5,0.036,0.036,0.071,28
102,22778,30.859,20.0,16.042,10.0,0.155,0.324,0.07,71
43,13864,24.061,20.0,12.253,10.0,0.197,0.199,0.07,604
129,13864,30.652,28.0,15.781,14.0,0.144,0.193,0.07,187
79,15287,38.028,40.0,19.648,20.0,0.028,0.183,0.07,71
133,21269,25.721,25.0,12.837,12.0,0.116,0.116,0.07,43
47,8644,31.744,36.0,18.116,18.0,0.116,0.047,0.07,43
165,26548,17.372,20.0,8.651,10.0,0.07,0.047,0.07,43
86,13864,26.642,24.0,13.592,12.0,0.137,0.393,0.069,883
102,25499,28.07,20.0,14.253,10.0,0.085,0.305,0.069,767
32,9212,27.034,24.0,15.034,12.0,0.207,0.207,0.069,29
29,7930,17.92,16.0,9.463,8.0,0.229,0.2,0.069,175
34,8926,20.448,18.0,10.397,9.0,0.155,0.19,0.069,58
41,13479,27.966,20.0,18.103,10.0,0.172,0.172,0.069,29
79,19718,33.234,28.0,16.446,14.0,0.017,0.154,0.069,175
939,10385,23.885,20.0,12.977,10.0,0.149,0.149,0.069,87
52,15167,33.126,36.0,16.805,19.0,0.092,0.034,0.069,87
52,15325,34.559,36.0,17.912,18.0,0.167,0.029,0.069,102
72,19123,15.759,18.0,7.862,9.0,0.0,0.0,0.069,29
60,23447,22.796,20.0,13.243,10.0,0.204,0.136,0.068,103
35,12932,19.565,17.0,11.081,9.0,0.143,0.106,0.068,161
63,18705,19.63,20.0,11.356,10.0,0.11,0.082,0.068,73
929,8116,20.176,16.0,12.243,8.0,0.095,0.081,0.068,74
116,8990,17.682,19.0,9.636,9.5,0.091,0.045,0.068,44
86,8968,24.367,20.0,11.933,10.0,0.067,0.4,0.067,30
102,16330,34.233,21.5,20.267,10.0,0.2,0.333,0.067,30
54,9250,30.6,28.0,17.767,14.0,0.233,0.233,0.067,30
35,12766,20.5,20.0,11.433,10.0,0.2,0.167,0.067,30
54,15461,25.819,28.0,13.227,14.0,0.137,0.166,0.067,343
929,7915,18.4,16.0,10.367,8.0,0.117,0.117,0.067,60
47,27645,32.155,36.0,16.639,18.0,0.139,0.111,0.067,595
38,9795,25.533,24.0,13.347,13.0,0.107,0.053,0.067,75
37,12681,36.773,40.0,18.673,20.0,0.087,0.003,0.067,643
102,6000,36.75,40.0,19.342,20.0,0.053,0.711,0.066,76
36,10819,13.823,12.0,7.087,6.0,0.082,0.215,0.066,497
36,10344,13.463,12.0,7.289,6.0,0.05,0.182,0.066,121
102,16457,27.077,20.0,13.956,10.0,0.137,0.181,0.066,182
41,13430,23.594,20.0,13.934,10.0,0.17,0.132,0.066,106
32,9529,22.321,24.0,11.422,12.0,0.073,0.039,0.066,973
84,19763,40.306,40.0,21.613,20.0,0.355,0.806,0.065,62
54,15126,30.484,26.0,16.387,13.0,0.194,0.194,0.065,31
939,10927,24.56,24.0,12.96,12.0,0.165,0.145,0.065,200
133,18256,25.935,22.0,14.548,11.0,0.161,0.097,0.065,31
39,10363,33.032,34.0,18.258,17.0,0.226,0.065,0.065,31
52,15388,34.792,40.0,17.607,20.0,0.125,0.03,0.065,168
96,13067,34.61,40.0,17.494,20.0,0.156,0.0,0.065,77
94,5927,30.581,40.0,15.774,20.0,0.0,0.0,0.065,31
35,12995,27.553,19.0,16.702,9.0,0.362,0.34,0.064,47
11,7155,37.851,40.0,19.574,21.0,0.149,0.149,0.064,47
123,15949,35.791,40.0,18.616,20.0,0.238,0.11,0.064,172
43,13706,21.275,20.0,11.743,10.0,0.073,0.046,0.064,109
12,25034,42.043,40.0,22.426,20.0,0.234,0.043,0.064,47
110,4902,40.979,44.0,20.83,23.0,0.213,0.021,0.064,47
108,10392,36.043,40.0,18.553,20.0,0.149,0.0,0.064,47
165,26036,16.745,18.0,8.787,9.0,0.106,0.0,0.064,47
32,9273,32.508,22.0,21.651,11.0,0.27,0.238,0.063,63
34,9529,23.806,20.0,12.08,10.0,0.188,0.215,0.063,823
29,7877,18.509,16.0,10.201,8.0,0.201,0.176,0.063,159
939,10649,25.508,24.0,14.286,12.0,0.175,0.143,0.063,63
29,10158,18.556,18.0,9.524,9.0,0.143,0.143,0.063,63
63,19013,19.754,18.0,11.778,9.5,0.167,0.135,0.063,126
32,9642,24.935,24.0,12.921,12.0,0.185,0.125,0.063,712
7,11504,19.583,20.0,9.949,10.0,0.071,0.047,0.063,254
89,25801,19.231,20.0,10.131,10.0,0.09,0.027,0.063,221
84,21914,28.271,19.0,16.625,10.0,0.229,0.312,0.062,48
54,15631,25.162,22.0,12.892,11.0,0.208,0.238,0.062,130
89,25984,27.281,20.0,18.031,10.0,0.219,0.156,0.062,32
35,12819,21.738,20.0,12.246,10.0,0.2,0.154,0.062,65
32,8941,26.896,24.0,14.938,12.0,0.25,0.146,0.062,48
34,9123,21.169,20.0,10.892,10.0,0.138,0.138,0.062,65
52,7287,38.458,40.0,22.208,20.0,0.375,0.125,0.062,48
102,16471,25.875,20.0,13.094,10.0,0.156,0.125,0.062,32
165,25883,17.863,18.0,9.739,10.0,0.133,0.035,0.062,226
89,26036,19.028,20.0,9.865,10.0,0.073,0.011,0.062,178
100,7608,16.5,20.0,8.031,10.0,0.0,0.0,0.062,32
36,17665,24.121,25.0,12.424,13.0,0.636,0.697,0.061,33
102,16332,30.909,26.0,16.273,15.0,0.182,0.424,0.061,33
86,14133,27.061,20.0,15.061,11.0,0.121,0.379,0.061,66
53,17451,24.788,20.0,12.909,10.0,0.182,0.333,0.061,33
102,16464,33.485,24.0,18.455,11.0,0.152,0.333,0.061,33
84,4416,22.455,18.0,11.212,9.0,0.091,0.242,0.061,33
929,7930,18.719,16.0,10.719,8.0,0.07,0.053,0.061,114
165,4055,17.242,20.0,8.848,10.0,0.061,0.03,0.061,33
7,26592,26.91,20.0,14.582,10.0,0.313,0.164,0.06,67
939,21269,21.06,20.0,11.0,10.0,0.08,0.1,0.06,50
133,18280,26.13,24.0,15.13,12.0,0.12,0.09,0.06,100
34,9238,21.418,18.0,11.746,9.0,0.075,0.09,0.06,67
32,9119,23.585,24.0,11.89,12.0,0.099,0.075,0.06,465
52,19509,32.108,33.0,16.663,18.0,0.133,0.036,0.06,83
52,16674,32.566,36.0,16.169,18.0,0.133,0.024,0.06,83
40,8527,39.297,40.0,19.948,20.0,0.122,0.013,0.06,384
86,6510,34.706,38.0,18.196,20.0,0.255,0.784,0.059,51
84,21684,23.816,18.0,13.574,9.0,0.184,0.265,0.059,136
24,25027,23.333,20.0,12.863,10.0,0.216,0.196,0.059,51
25,7448,20.368,18.0,11.132,9.0,0.176,0.088,0.059,68
73,6205,42.569,44.0,23.294,22.0,0.118,0.039,0.059,51
929,8080,16.788,16.0,9.529,8.0,0.071,0.035,0.059,85
52,5833,35.412,38.5,17.588,20.0,0.235,0.029,0.059,34
100,19261,14.471,16.0,7.265,8.0,0.059,0.029,0.059,34
960,22448,16.157,16.0,8.363,8.0,0.02,0.01,0.059,102
925,7448,19.882,20.0,10.029,10.0,0.118,0.0,0.059,34
116,17916,19.25,18.0,11.712,9.5,0.25,0.154,0.058,52
100,11179,19.635,16.0,13.423,8.0,0.173,0.115,0.058,52
60,10819,20.563,20.0,10.766,10.0,0.147,0.105,0.058,551
939,21237,21.117,20.0,11.175,10.0,0.112,0.092,0.058,240
89,13581,19.491,20.0,10.123,10.0,0.082,0.036,0.058,643
53,23337,27.286,22.0,17.943,11.0,0.171,0.314,0.057,35
53,17902,17.27,13.0,8.684,7.0,0.046,0.138,0.057,174
53,3254,18.189,13.0,9.019,7.0,0.075,0.132,0.057,53
960,10819,18.691,18.0,9.71,9.0,0.176,0.083,0.057,528
32,13361,23.908,24.0,12.322,12.0,0.115,0.08,0.057,87
7,3894,21.005,20.0,11.216,10.0,0.129,0.077,0.057,194
133,9795,25.604,26.0,12.925,12.0,0.132,0.057,0.057,53
123,22357,32.614,31.0,16.4,16.0,0.129,0.029,0.057,70
73,20948,40.257,44.0,20.571,22.0,0.029,0.0,0.057,35
43,21237,31.339,30.0,15.589,15.0,0.403,0.444,0.056,124
86,8930,27.25,26.0,13.417,11.0,0.139,0.389,0.056,36
43,15295,23.944,20.0,12.361,10.0,0.222,0.222,0.056,36
95,27571,24.136,20.0,12.287,10.0,0.211,0.211,0.056,551
95,9865,23.241,20.0,12.352,10.0,0.204,0.185,0.056,54
41,13471,23.181,20.0,13.139,10.0,0.153,0.153,0.056,72
47,27621,33.333,36.0,17.75,18.0,0.194,0.139,0.056,36
95,9800,22.037,20.0,12.019,10.0,0.167,0.139,0.056,108
35,12942,20.111,17.5,11.111,8.5,0.083,0.083,0.056,36
929,20097,17.111,16.5,9.444,9.0,0.083,0.056,0.056,36
72,6400,17.704,18.0,8.761,9.0,0.028,0.042,0.056,71
52,3930,35.833,40.0,20.167,20.0,0.25,0.028,0.056,36
41,13475,27.855,20.0,15.545,10.0,0.218,0.182,0.055,55
165,26454,19.409,19.0,11.236,10.0,0.118,0.091,0.055,110
25,7578,16.538,18.0,8.423,9.0,0.1,0.033,0.055,548
41,13369,33.027,20.0,20.73,10.0,0.432,0.405,0.054,37
43,13769,23.931,20.0,13.623,10.0,0.169,0.177,0.054,130
89,25933,24.339,20.0,15.098,10.0,0.188,0.134,0.054,112
29,26633,16.758,16.0,8.586,8.0,0.121,0.109,0.054,974
43,13762,22.162,20.0,12.405,10.0,0.135,0.081,0.054,37
35,13053,18.486,18.0,10.243,10.0,0.081,0.054,0.054,37
110,15949,37.535,36.0,20.442,22.0,0.202,0.008,0.054,129
43,13667,24.816,20.0,13.263,10.0,0.237,0.237,0.053,38
35,12832,22.853,20.0,11.7,10.0,0.213,0.167,0.053,150
41,19763,21.679,20.0,11.082,10.0,0.177,0.138,0.053,514
54,15409,24.032,22.0,12.137,11.0,0.126,0.126,0.053,95
37,12208,39.453,40.0,21.042,20.0,0.189,0.011,0.053,95
86,9191,25.662,20.0,13.974,11.0,0.117,0.364,0.052,77
35,13029,26.455,20.0,14.636,10.0,0.325,0.312,0.052,77
36,12208,13.331,12.0,6.988,6.0,0.055,0.174,0.052,402
95,27486,23.328,20.0,12.138,10.0,0.172,0.172,0.052,58
89,13347,19.81,20.0,10.534,10.0,0.069,0.017,0.052,58
79,15379,40.932,40.0,21.068,20.0,0.051,0.339,0.051,59
95,9789,21.517,20.0,11.246,10.0,0.127,0.11,0.051,118
133,17854,26.293,24.0,13.838,12.0,0.192,0.091,0.051,99
116,17867,18.576,16.0,10.424,9.0,0.102,0.051,0.051,59
133,9792,25.814,24.0,14.237,12.0,0.102,0.051,0.051,59
84,21692,31.5,30.0,16.95,20.0,0.3,0.5,0.05,20
102,22785,38.2,35.0,19.45,20.0,0.2,0.5,0.05,20
11,23771,40.05,36.0,23.6,18.0,0.35,0.3,0.05,20
32,5955,27.8,24.0,14.0,12.0,0.35,0.3,0.05,20
11,4286,42.25,47.0,22.5,23.5,0.3,0.3,0.05,20
47,5649,51.9,36.0,25.15,18.0,0.3,0.3,0.05,20
53,23613,24.183,19.0,14.1,9.0,0.117,0.283,0.05,60
32,25871,28.1,24.0,14.65,12.0,0.25,0.25,0.05,20
79,8379,39.3,40.0,20.4,20.0,0.0,0.25,0.05,20
35,23522,22.45,20.0,11.8,11.0,0.25,0.2,0.05,20
29,7864,22.9,16.0,14.6,8.0,0.2,0.2,0.05,20
54,15156,26.75,25.0,14.15,12.5,0.2,0.2,0.05,20
32,9315,25.725,24.0,12.825,12.0,0.175,0.15,0.05,40
95,27445,23.7,20.0,12.4,10.0,0.15,0.15,0.05,20
34,13864,21.323,18.0,11.097,9.0,0.123,0.115,0.05,555
35,19763,19.813,20.0,10.086,10.0,0.133,0.109,0.05,723
43,13713,22.275,20.0,12.375,10.0,0.1,0.075,0.05,40
110,12605,44.35,48.0,21.15,23.0,0.25,0.05,0.05,20
108,7792,37.8,40.0,21.6,20.0,0.2,0.05,0.05,20
110,12578,36.3,31.5,17.8,14.0,0.1,0.05,0.05,20
96,26474,32.95,36.5,16.75,19.5,0.1,0.0,0.05,20
53,23637,27.439,19.0,18.976,10.0,0.171,0.293,0.049,41
53,27288,23.768,15.5,12.756,8.0,0.159,0.293,0.049,82
63,21576,26.902,20.0,16.756,10.0,0.268,0.244,0.049,41
32,9338,28.213,24.0,15.09,12.0,0.279,0.23,0.049,122
939,10355,26.377,25.0,14.541,13.0,0.197,0.197,0.049,61
24,25076,25.476,20.0,14.291,10.0,0.175,0.175,0.049,103
24,25162,21.347,20.0,11.03,10.0,0.148,0.115,0.049,1008
116,9184,16.902,16.0,8.488,8.0,0.098,0.098,0.049,41
47,8649,29.681,33.5,15.231,17.0,0.066,0.038,0.049,182
25,19261,17.607,18.0,9.192,9.0,0.129,0.026,0.049,427
86,9178,33.524,36.0,20.286,18.0,0.333,0.524,0.048,21
960,27082,23.667,20.0,12.667,10.0,0.381,0.333,0.048,21
84,22145,23.857,20.0,12.693,10.0,0.138,0.296,0.048,189
34,9109,24.381,18.0,12.095,9.0,0.238,0.286,0.048,21
45,14552,23.0,20.0,11.571,10.0,0.19,0.238,0.048,21
68,25408,40.892,40.0,23.542,20.0,0.205,0.193,0.048,83
24,25092,24.238,20.0,13.524,10.0,0.238,0.19,0.048,21
29,7898,18.167,16.0,10.333,8.0,0.214,0.19,0.048,42
89,25822,27.429,20.0,18.333,10.0,0.19,0.19,0.048,21
54,15362,27.762,28.0,16.143,14.0,0.286,0.143,0.048,21
24,25138,22.19,20.0,12.333,10.0,0.143,0.143,0.048,21
29,20097,20.667,16.0,12.333,8.0,0.143,0.143,0.048,21
32,9058,25.762,24.0,13.0,12.0,0.143,0.143,0.048,21
102,16423,25.667,23.0,13.381,12.0,0.048,0.143,0.048,21
36,10462,14.632,12.0,8.248,6.0,0.064,0.112,0.048,125
960,13029,21.476,20.0,12.857,10.0,0.286,0.095,0.048,21
72,24453,18.476,18.0,10.667,9.0,0.095,0.095,0.048,21
165,25238,27.238,17.0,8.476,8.0,0.095,0.095,0.048,21
37,12540,38.286,36.0,19.524,18.0,0.143,0.048,0.048,21
89,13475,20.169,20.0,10.916,10.0,0.108,0.048,0.048,83
7,10344,20.095,20.0,10.667,10.0,0.048,0.048,0.048,21
32,24603,23.19,24.0,11.667,12.0,0.048,0.048,0.048,21
116,13864,16.777,16.0,8.479,8.0,0.062,0.04,0.048,705
165,3720,18.825,20.0,9.873,10.0,0.238,0.032,0.048,63
25,5438,17.255,18.0,8.866,9.0,0.045,0.032,0.048,314
925,11063,20.229,20.0,10.663,10.0,0.133,0.012,0.048,83
924,25108,18.952,20.0,13.714,10.0,0.048,0.0,0.048,21
939,10344,25.721,22.0,14.395,11.0,0.233,0.209,0.047,43
36,10447,15.233,12.0,8.674,6.0,0.116,0.209,0.047,43
939,13864,24.661,24.0,12.78,12.0,0.152,0.137,0.047,277
133,21237,23.988,24.0,12.211,12.0,0.094,0.066,0.047,256
102,16193,32.892,37.0,17.062,20.0,0.062,0.508,0.046,65
45,14413,25.723,20.0,13.677,10.0,0.138,0.354,0.046,65
34,9142,21.36,20.0,10.869,10.0,0.08,0.08,0.046,175
53,23580,44.136,41.0,26.409,20.0,0.455,0.773,0.045,22
41,21506,31.773,22.0,18.318,11.0,0.409,0.409,0.045,22
53,23498,22.338,19.0,11.545,8.5,0.099,0.284,0.045,222
36,10398,17.036,12.0,9.982,6.0,0.153,0.27,0.045,111
41,13391,24.182,21.5,12.727,10.0,0.273,0.227,0.045,22
54,6312,27.409,26.5,14.318,13.5,0.227,0.182,0.045,22
133,13733,31.227,26.0,17.864,12.5,0.227,0.182,0.045,22
53,23331,20.955,18.0,10.455,9.0,0.091,0.182,0.045,22
39,10558,39.682,36.0,24.818,18.0,0.227,0.136,0.045,22
84,5106,19.399,18.0,10.438,9.0,0.034,0.118,0.045,178
32,9261,25.545,24.0,14.795,12.0,0.136,0.068,0.045,44
7,3887,21.455,20.0,11.773,10.0,0.091,0.045,0.045,22
12,14055,42.977,45.0,22.614,22.5,0.227,0.0,0.045,44
36,10484,19.944,12.0,13.533,6.0,0.189,0.244,0.044,90
53,10819,21.254,16.0,10.724,7.0,0.099,0.234,0.044,615
32,9176,30.578,24.0,16.444,12.0,0.156,0.2,0.044,45
95,21145,22.997,20.0,11.98,10.0,0.166,0.159,0.044,295
95,9751,22.022,20.0,12.156,10.0,0.156,0.133,0.044,45
24,25115,20.967,20.0,10.725,10.0,0.132,0.11,0.044,91
60,27082,20.973,18.0,11.195,9.0,0.15,0.106,0.044,113
38,20869,25.794,25.0,13.029,13.0,0.132,0.044,0.044,136
32,9006,22.662,21.0,11.25,10.0,0.103,0.044,0.044,68
929,26633,16.981,16.0,8.763,8.0,0.034,0.03,0.044,565
165,18937,15.441,15.0,7.838,7.5,0.029,0.015,0.044,68
102,15323,34.261,30.0,17.435,19.0,0.13,0.435,0.043,23
72,19261,23.696,20.0,12.007,10.0,0.226,0.336,0.043,611
54,23231,28.348,28.0,14.043,14.0,0.261,0.304,0.043,23
102,22793,33.957,24.0,19.13,11.0,0.217,0.304,0.043,23
72,5813,23.532,20.0,11.851,10.0,0.234,0.277,0.043,47
54,15431,31.261,28.0,15.87,14.0,0.261,0.261,0.043,23
84,21893,26.304,22.0,15.304,10.0,0.217,0.261,0.043,23
102,16363,29.817,20.0,15.696,10.0,0.183,0.261,0.043,115
95,9829,23.348,24.0,11.696,12.0,0.217,0.217,0.043,23
84,21981,22.174,20.0,10.957,10.0,0.087,0.174,0.043,23
133,9742,28.783,30.0,16.0,15.0,0.13,0.13,0.043,23
929,7977,17.391,16.0,8.696,8.0,0.087,0.087,0.043,23
929,8076,21.532,18.0,12.489,9.0,0.085,0.085,0.043,47
165,25928,19.304,20.0,9.304,10.0,0.065,0.065,0.043,46
63,3457,18.293,20.0,9.505,10.0,0.096,0.043,0.043,188
89,25850,18.913,20.0,10.174,10.0,0.087,0.043,0.043,23
96,12024,35.371,40.0,18.3,20.0,0.157,0.014,0.043,70
39,10365,31.174,34.0,15.913,17.0,0.174,0.0,0.043,23
43,23575,19.174,20.0,9.478,10.0,0.0,0.0,0.043,23
45,14409,25.479,20.0,13.521,10.0,0.208,0.396,0.042,48
45,18058,27.625,26.0,14.583,13.5,0.375,0.375,0.042,24
95,19384,23.125,21.5,11.417,11.0,0.208,0.208,0.042,24
7,11500,23.083,20.0,11.0,10.0,0.208,0.167,0.042,24
29,9000,17.375,16.0,8.417,8.0,0.208,0.167,0.042,24
72,5795,19.625,18.0,10.042,9.5,0.083,0.167,0.042,24
41,10927,22.514,20.0,12.5,10.0,0.194,0.139,0.042,72
41,18833,21.708,20.0,10.583,10.0,0.083,0.125,0.042,24
84,25826,18.921,17.0,9.953,9.0,0.032,0.074,0.042,190
39,10517,32.625,33.0,18.625,16.0,0.167,0.042,0.042,24
40,8270,41.75,44.0,21.958,20.0,0.167,0.042,0.042,24
165,23319,18.042,20.0,9.292,10.0,0.083,0.042,0.042,24
25,10385,17.083,18.0,8.5,9.0,0.083,0.0,0.042,24
924,25115,19.125,20.0,10.396,10.0,0.021,0.0,0.042,48
53,17854,37.878,40.0,19.041,20.0,0.388,0.694,0.041,49
86,8952,27.265,20.0,15.796,10.0,0.143,0.367,0.041,49
86,14156,27.878,20.0,14.755,10.0,0.143,0.327,0.041,49
36,10927,13.523,12.0,6.967,6.0,0.068,0.139,0.041,1410
86,14188,28.96,30.0,14.44,15.0,0.12,0.44,0.04,25
79,25933,40.76,40.0,22.68,20.0,0.08,0.28,0.04,25
29,4859,21.2,16.0,12.6,8.0,0.24,0.2,0.04,25
29,8142,19.336,16.0,9.966,8.0,0.201,0.195,0.04,149
35,12800,22.96,20.0,12.44,10.0,0.2,0.16,0.04,25
7,3855,23.8,20.0,14.56,10.0,0.12,0.12,0.04,25
29,7901,15.2,16.0,7.6,8.0,0.08,0.08,0.04,25
53,23354,26.647,17.0,14.275,8.0,0.176,0.333,0.039,51
36,12131,20.462,13.0,13.577,6.0,0.154,0.385,0.038,26
72,5802,26.057,20.0,13.585,10.0,0.245,0.377,0.038,53
72,11213,25.115,18.0,13.5,9.0,0.192,0.308,0.038,26
43,13720,29.308,20.0,21.846,10.0,0.308,0.269,0.038,26
939,17395,28.154,26.0,14.923,13.0,0.269,0.269,0.038,26
102,22720,30.423,20.5,16.231,11.0,0.115,0.269,0.038,26
102,16449,29.609,20.0,15.108,10.0,0.152,0.248,0.038,343
95,27472,26.769,20.0,15.731,10.0,0.192,0.192,0.038,26
73,3128,49.885,44.0,30.923,22.0,0.192,0.115,0.038,26
960,23436,20.192,20.0,10.769,10.0,0.173,0.077,0.038,52
116,17911,20.731,16.0,12.308,8.0,0.077,0.038,0.038,26
32,18065,22.769,20.0,11.423,10.0,0.038,0.038,0.038,26
73,3107,44.962,47.0,22.308,24.0,0.269,0.0,0.038,26
39,10577,29.615,32.5,16.654,17.0,0.231,0.0,0.038,26
960,23522,18.654,19.5,9.385,10.0,0.115,0.0,0.038,26
84,21935,31.148,20.0,21.259,10.0,0.296,0.37,0.037,27
95,24762,26.593,28.0,13.611,14.0,0.315,0.278,0.037,54
54,9199,29.889,27.0,17.481,14.0,0.185,0.222,0.037,27
95,9795,24.697,22.0,13.193,11.0,0.22,0.193,0.037,109
95,27496,24.815,20.0,12.407,10.0,0.185,0.148,0.037,27
41,13336,22.444,20.0,11.778,10.0,0.148,0.148,0.037,27
41,13347,24.074,20.0,12.284,10.0,0.222,0.136,0.037,81
123,22362,37.704,46.0,18.852,23.0,0.333,0.111,0.037,27
53,19477,16.926,13.0,8.481,6.0,0.037,0.074,0.037,27
32,20583,22.608,23.0,11.483,12.0,0.062,0.03,0.037,594
924,25162,19.27,20.0,10.609,10.0,0.074,0.005,0.037,215
45,14616,25.416,20.0,12.876,10.0,0.131,0.371,0.036,757
34,9250,29.464,25.0,17.5,12.5,0.286,0.357,0.036,28
84,21991,20.527,19.0,10.818,9.0,0.055,0.182,0.036,55
32,26917,26.964,24.0,14.607,12.0,0.143,0.143,0.036,28
939,13706,22.0,20.0,10.893,10.0,0.143,0.143,0.036,28
116,17845,21.321,17.0,12.893,8.5,0.107,0.107,0.036,28
102,17902,22.036,20.0,11.048,10.0,0.012,0.078,0.036,166
165,25826,18.143,18.0,9.714,8.0,0.107,0.071,0.036,28
52,26195,40.928,40.0,20.819,20.0,0.398,0.048,0.036,83
165,22470,17.393,18.0,9.196,9.5,0.071,0.036,0.036,56
29,7999,20.386,16.0,11.263,8.0,0.193,0.193,0.035,57
129,16155,39.103,40.0,21.931,20.0,0.276,0.414,0.034,29
84,22221,23.724,20.0,13.207,10.0,0.172,0.241,0.034,29
36,10307,17.402,12.0,11.448,6.0,0.138,0.241,0.034,87
97,27571,64.759,60.0,32.241,30.0,0.138,0.172,0.034,29
25,19224,23.034,18.0,15.103,9.0,0.207,0.138,0.034,29
96,9950,35.552,38.0,19.586,20.0,0.172,0.034,0.034,29
116,17895,17.219,16.0,8.911,8.0,0.063,0.021,0.034,237
929,10158,16.948,17.5,8.724,9.0,0.017,0.017,0.034,58
89,3153,19.195,20.0,9.826,10.0,0.101,0.007,0.034,149
94,22617,33.862,40.0,17.345,20.0,0.034,0.0,0.034,29
36,10542,17.15,12.0,8.917,6.0,0.2,0.317,0.033,60
29,8046,21.467,16.0,12.667,8.0,0.3,0.3,0.033,30
929,22673,18.923,16.0,10.758,8.0,0.066,0.055,0.033,91
96,3392,33.8,35.0,16.733,18.0,0.2,0.033,0.033,30
40,22772,39.267,40.0,21.2,21.0,0.1,0.033,0.033,30
34,22661,30.532,30.0,15.355,15.0,0.387,0.484,0.032,62
35,15287,24.903,20.0,13.581,10.0,0.194,0.129,0.032,31
32,13045,26.694,24.0,15.573,12.0,0.129,0.089,0.032,124
7,26377,22.903,20.0,13.387,10.0,0.097,0.065,0.032,31
24,25120,20.09,20.0,10.73,10.0,0.072,0.05,0.032,222
45,14514,25.831,20.0,13.8,10.0,0.2,0.354,0.031,65
36,10468,15.906,12.0,10.812,6.0,0.125,0.188,0.031,32
38,21237,25.287,24.0,12.824,12.0,0.103,0.046,0.031,261
7,23323,19.938,20.0,10.031,10.0,0.062,0.031,0.031,32
86,24530,25.237,20.0,13.178,12.0,0.074,0.296,0.03,135
41,13581,23.055,20.0,11.819,10.0,0.207,0.169,0.03,658
929,18058,19.091,18.0,9.848,9.0,0.152,0.091,0.03,33
960,26592,16.939,16.0,8.727,8.0,0.106,0.045,0.03,66
45,23771,27.478,22.0,14.246,13.0,0.304,0.449,0.029,69
34,8993,26.19,20.0,14.571,10.0,0.238,0.276,0.029,105
36,12183,12.912,12.0,6.5,6.0,0.059,0.176,0.029,34
939,16864,25.286,24.0,13.314,12.0,0.171,0.171,0.029,35
35,13043,18.348,16.0,9.551,9.0,0.087,0.087,0.029,69
12,17528,44.0,47.0,23.265,24.0,0.206,0.029,0.029,34
96,12153,36.765,40.0,18.804,20.0,0.137,0.029,0.029,102
35,8332,21.278,21.0,10.583,10.5,0.222,0.194,0.028,36
95,9803,25.806,20.0,13.944,10.0,0.194,0.194,0.028,36
7,4055,19.771,20.0,10.244,10.0,0.056,0.031,0.028,835
41,9119,22.389,20.0,9.528,10.0,0.083,0.028,0.028,36
84,21811,22.731,18.0,12.192,9.0,0.096,0.237,0.027,219
11,23325,41.649,42.0,20.892,21.0,0.216,0.216,0.027,37
85,21855,28.622,27.0,15.108,15.0,0.108,0.108,0.027,37
36,12176,14.197,12.0,6.974,6.0,0.053,0.211,0.026,76
165,13516,19.667,17.0,10.333,9.0,0.128,0.154,0.026,39
32,12832,25.615,24.0,13.308,12.0,0.205,0.128,0.026,39
95,9766,21.949,20.0,12.538,10.0,0.154,0.128,0.026,39
7,3965,22.316,20.0,12.947,10.0,0.105,0.079,0.026,38
63,13957,19.256,20.0,9.667,10.0,0.077,0.051,0.026,39
53,23325,28.519,20.0,16.241,12.0,0.165,0.392,0.025,79
929,8142,17.19,16.0,8.802,8.0,0.058,0.058,0.025,121
960,19763,19.352,20.0,9.773,10.0,0.12,0.05,0.025,640
116,17899,18.899,16.0,10.684,8.0,0.063,0.038,0.025,79
102,20012,36.512,30.0,19.463,15.0,0.22,0.415,0.024,41
939,10365,28.548,25.0,16.738,13.0,0.238,0.214,0.024,42
95,9792,23.339,20.0,11.955,10.0,0.163,0.156,0.024,289
165,13067,19.595,17.0,10.905,8.5,0.214,0.143,0.024,42
24,25031,21.488,20.0,11.083,10.0,0.167,0.131,0.024,84
116,8952,23.488,20.0,15.341,10.0,0.195,0.122,0.024,41
54,7608,28.024,30.0,14.119,15.0,0.071,0.071,0.024,42
925,7454,20.167,20.0,10.286,10.0,0.071,0.024,0.024,42
32,19718,23.057,24.0,11.768,12.0,0.047,0.024,0.024,211
925,19261,21.017,20.0,10.516,10.0,0.055,0.021,0.024,289
34,11564,34.182,34.0,18.136,17.0,0.364,0.591,0.023,44
43,13699,29.205,20.0,17.659,10.0,0.295,0.273,0.023,44
72,5806,23.543,20.0,11.978,10.0,0.174,0.304,0.022,46
84,22218,25.022,20.0,14.022,10.0,0.065,0.283,0.022,46
43,13794,21.8,20.0,11.689,10.0,0.067,0.067,0.022,45
47,22782,28.413,20.0,16.022,10.0,0.087,0.065,0.022,46
35,13045,18.601,17.0,9.517,8.0,0.087,0.062,0.022,323
960,23455,23.766,20.0,14.426,10.0,0.191,0.128,0.021,47
54,9134,24.396,22.0,12.625,11.0,0.125,0.104,0.021,48
41,13361,22.059,20.0,11.682,10.0,0.136,0.076,0.021,236
60,19763,20.466,20.0,10.251,10.0,0.102,0.04,0.021,669
53,17916,36.74,40.0,18.56,20.0,0.26,0.72,0.02,50
116,17873,20.82,17.0,12.29,8.5,0.11,0.07,0.02,100
116,17913,19.206,17.0,10.579,9.0,0.093,0.061,0.02,247
41,13383,23.308,20.0,11.923,10.0,0.192,0.173,0.019,52
7,11493,20.222,20.0,10.481,10.0,0.056,0.037,0.019,54
89,25841,21.571,20.0,12.125,10.0,0.125,0.054,0.018,56
72,19214,16.421,16.0,8.333,8.0,0.035,0.035,0.018,57
165,25971,19.068,17.0,11.237,10.0,0.102,0.034,0.017,59
36,10392,19.758,12.0,12.833,6.0,0.152,0.273,0.015,66
116,21878,16.833,16.0,8.409,8.0,0.015,0.0,0.015,66
32,10002,37.472,39.5,18.859,20.0,0.627,0.521,0.014,142
102,16357,36.419,30.0,20.77,13.0,0.257,0.432,0.014,74
36,10333,14.768,12.0,7.799,6.0,0.095,0.204,0.014,358
924,25120,20.478,20.0,11.058,10.0,0.058,0.029,0.014,69
38,9807,26.962,26.0,14.291,13.0,0.089,0.051,0.013,79
165,26021,19.025,20.0,10.38,10.0,0.063,0.038,0.013,79
165,18836,17.266,20.0,8.823,10.0,0.051,0.025,0.013,79
86,9168,28.91,24.0,14.689,12.5,0.131,0.418,0.008,122
102,16321,51.208,60.0,26.208,30.0,0.542,0.75,0.0,24
24,7578,36.037,37.0,19.167,19.5,0.852,0.741,0.0,54
86,11765,31.773,34.0,16.182,17.0,0.273,0.545,0.0,22
86,9050,31.045,30.0,16.364,14.0,0.091,0.5,0.0,22
43,21269,33.846,30.0,16.885,15.0,0.423,0.462,0.0,26
34,7528,36.091,30.0,21.091,16.0,0.455,0.455,0.0,22
86,5262,28.556,30.0,14.333,15.0,0.111,0.429,0.0,63
54,15118,31.273,29.5,15.318,14.5,0.318,0.409,0.0,22
53,23508,30.074,24.0,16.63,12.0,0.148,0.407,0.0,27
95,21246,33.35,28.0,18.9,15.5,0.5,0.4,0.0,20
79,26915,47.095,48.0,23.0,22.0,0.048,0.381,0.0,21
102,9168,29.792,22.0,14.958,11.0,0.083,0.375,0.0,24
68,3298,51.943,46.0,26.143,24.0,0.257,0.371,0.0,35
53,23575,26.346,18.5,13.154,9.5,0.269,0.346,0.0,26
86,15298,28.241,20.0,15.69,10.0,0.172,0.345,0.0,29
29,7968,20.636,19.5,10.364,10.0,0.318,0.318,0.0,22
102,22727,34.045,22.0,20.273,11.0,0.182,0.318,0.0,22
36,10656,19.367,13.0,12.533,6.5,0.133,0.3,0.0,30
102,16413,36.351,30.0,21.459,15.0,0.243,0.297,0.0,37
102,16389,37.381,26.0,22.476,10.0,0.286,0.286,0.0,21
53,23370,30.091,20.0,23.818,10.5,0.182,0.273,0.0,22
24,25097,24.261,20.0,12.652,10.0,0.304,0.261,0.0,23
53,23634,23.3,17.5,13.0,8.0,0.1,0.25,0.0,20
102,16420,32.862,26.0,18.483,12.0,0.172,0.241,0.0,29
95,25097,25.667,24.0,12.619,12.0,0.19,0.238,0.0,21
36,10314,13.5,12.0,7.0,6.0,0.045,0.227,0.0,22
36,10611,16.129,13.0,8.71,6.0,0.097,0.226,0.0,31
29,7880,20.348,16.0,10.174,8.0,0.217,0.217,0.0,23
95,16357,25.868,21.0,14.263,10.5,0.211,0.211,0.0,38
35,13071,22.9,18.0,12.45,9.0,0.2,0.2,0.0,20
86,8928,23.45,20.0,11.75,10.0,0.05,0.2,0.0,20
41,13304,28.864,20.0,15.455,10.0,0.364,0.182,0.0,22
53,3268,22.636,19.5,12.5,8.5,0.136,0.182,0.0,22
95,14181,24.712,20.0,12.904,10.0,0.173,0.173,0.0,52
41,13414,24.4,20.0,12.2,10.0,0.267,0.167,0.0,30
95,21826,24.071,20.0,13.339,10.0,0.161,0.161,0.0,56
960,23344,22.55,20.0,12.3,10.0,0.2,0.15,0.0,20
35,13080,19.55,18.0,10.0,9.0,0.15,0.15,0.0,20
102,17918,24.55,21.5,12.45,10.0,0.0,0.15,0.0,20
89,25926,26.857,20.0,17.381,10.0,0.143,0.143,0.0,21
35,12787,20.568,19.0,11.027,9.0,0.189,0.135,0.0,37
34,9199,19.484,17.0,10.161,8.0,0.097,0.129,0.0,31
63,18723,25.224,20.0,15.569,10.0,0.138,0.121,0.0,58
32,9256,24.56,23.0,12.8,12.0,0.2,0.12,0.0,25
60,23392,22.345,20.0,11.172,10.0,0.138,0.103,0.0,29
29,19933,18.069,16.0,9.069,8.0,0.103,0.103,0.0,29
41,13403,22.25,20.0,11.65,10.0,0.15,0.1,0.0,20
32,15379,25.443,24.0,13.771,12.0,0.1,0.1,0.0,70
133,18283,30.05,24.0,17.05,12.0,0.1,0.1,0.0,20
165,26360,19.1,15.5,10.65,8.0,0.1,0.1,0.0,20
34,9357,20.941,18.0,10.706,9.0,0.078,0.098,0.0,51
32,13043,24.81,20.0,13.143,10.0,0.143,0.095,0.0,21
34,8994,20.143,18.0,10.048,9.0,0.095,0.095,0.0,21
52,21005,38.762,40.0,19.381,20.0,0.095,0.095,0.0,21
108,21726,42.091,40.0,24.818,20.0,0.273,0.091,0.0,22
41,24623,23.515,20.0,11.788,10.0,0.152,0.091,0.0,33
116,17884,20.818,16.0,12.227,8.0,0.091,0.091,0.0,44
129,16811,31.478,30.0,16.739,15.0,0.087,0.087,0.0,23
60,23419,22.345,22.0,11.862,11.0,0.138,0.069,0.0,29
929,9000,17.724,16.0,8.862,8.0,0.069,0.069,0.0,29
24,22846,22.133,20.0,12.867,10.0,0.133,0.067,0.0,30
165,26397,19.871,20.0,11.452,10.0,0.097,0.065,0.0,31
110,12564,48.238,48.0,26.476,26.0,0.381,0.048,0.0,21
165,25900,19.043,16.0,10.957,8.0,0.087,0.043,0.0,23
925,19186,19.826,19.0,10.783,10.0,0.043,0.043,0.0,23
84,5103,17.708,16.0,9.417,8.0,0.042,0.042,0.0,24
85,21898,28.898,30.0,14.776,15.0,0.061,0.041,0.0,49
7,10984,21.793,20.0,12.207,10.0,0.069,0.034,0.0,29
38,15730,26.3,26.0,13.233,13.0,0.1,0.033,0.0,30
89,25922,20.633,20.0,10.967,10.0,0.033,0.033,0.0,30
116,5262,17.395,16.0,9.047,8.0,0.047,0.023,0.0,43
7,4011,20.068,20.0,10.0,10.0,0.023,0.023,0.0,44
89,26592,17.321,19.0,9.018,10.0,0.125,0.018,0.0,56
12,25038,39.667,40.0,21.667,20.0,0.175,0.0,0.0,57
39,21540,33.351,34.0,16.703,17.0,0.162,0.0,0.0,37
40,13008,44.227,49.0,23.0,25.0,0.136,0.0,0.0,22
924,23771,18.826,20.0,9.304,10.0,0.13,0.0,0.0,23
52,24504,35.391,36.0,18.348,18.0,0.087,0.0,0.0,23
96,4055,33.25,38.0,16.35,19.5,0.05,0.0,0.0,20
85,16449,29.636,29.5,15.227,15.0,0.045,0.0,0.0,22
89,13383,18.91,20.0,9.538,10.0,0.013,0.0,0.0,78
72,7608,16.417,16.0,8.167,8.0,0.0,0.0,0.0,48
89,6192,18.167,20.0,9.0,10.0,0.0,0.0,0.0,30
939,18387,23.741,24.0,11.889,12.0,0.0,0.0,0.0,27
38,9789,25.952,24.0,12.952,12.0,0.0,0.0,0.0,21
89,13304,19.45,20.0,9.7,10.0,0.0,0.0,0.0,20
