route,location_id,avg_gap,median_gap,avg_delay,median_delay,major_delay_rate,gapping_rate,bunching_rate,n_incidents
925,733,4.828,0.0,2.724,0.0,0.034,0.034,0.793,29
47,9380,13.318,12.0,7.591,6.0,0.023,0.023,0.659,44
960,221,8.15,7.0,4.65,3.0,0.1,0.0,0.6,20
25,733,14.184,0.0,9.0,0.0,0.143,0.102,0.551,49
110,376,20.182,17.5,13.409,10.0,0.227,0.0,0.545,22
100,733,12.475,12.0,7.5,6.0,0.125,0.1,0.438,80
39,2041,19.652,24.0,9.739,12.0,0.261,0.0,0.435,23
100,356,12.538,15.5,8.231,8.0,0.115,0.077,0.385,26
97,861,32.269,44.0,16.615,24.5,0.0,0.0,0.385,26
925,769,13.892,18.0,7.649,10.0,0.135,0.027,0.378,37
54,216,24.125,25.0,15.25,12.5,0.25,0.25,0.375,24
73,4461,30.56,40.0,16.28,21.0,0.04,0.0,0.36,25
925,161,18.226,18.0,11.129,9.0,0.161,0.161,0.355,31
11,2918,29.769,35.5,18.192,17.5,0.231,0.192,0.346,26
100,4,13.786,14.5,8.595,8.0,0.107,0.06,0.333,84
85,467,20.351,20.0,11.811,11.0,0.108,0.054,0.324,37
63,226,14.045,12.0,7.375,6.0,0.098,0.027,0.321,112
925,1726,14.107,18.0,8.071,9.0,0.107,0.0,0.321,28
96,1702,26.48,33.0,12.8,16.0,0.12,0.04,0.32,25
100,161,12.928,16.0,6.652,8.0,0.029,0.058,0.319,69
25,1164,13.202,14.0,7.426,7.0,0.085,0.054,0.318,129
925,2670,17.5,19.0,10.364,9.5,0.045,0.045,0.318,22
63,3041,16.289,18.0,9.184,10.0,0.132,0.079,0.316,38
925,1164,17.162,18.0,11.242,9.0,0.212,0.121,0.313,99
925,4,17.25,18.0,9.808,9.0,0.173,0.058,0.308,52
85,1055,19.209,16.0,9.744,8.0,0.047,0.0,0.302,43
100,1841,12.037,16.0,6.037,8.0,0.037,0.037,0.296,27
35,6643,18.968,20.0,10.452,12.0,0.387,0.194,0.29,31
59,226,42.806,36.0,24.226,24.0,0.194,0.161,0.29,31
47,2678,28.452,19.0,17.762,9.5,0.119,0.095,0.286,42
68,3892,33.619,24.0,18.81,12.0,0.095,0.095,0.286,21
100,2365,12.429,16.0,6.476,8.0,0.095,0.095,0.286,21
939,263,19.0,16.0,10.353,10.0,0.157,0.118,0.275,51
85,304,28.727,30.0,16.515,15.0,0.152,0.091,0.273,33
123,376,26.227,22.0,14.5,14.5,0.136,0.045,0.273,22
72,733,11.562,14.0,5.917,7.0,0.0,0.021,0.271,48
85,1380,23.247,24.0,11.941,12.0,0.047,0.012,0.271,85
25,1726,13.921,17.0,7.063,9.0,0.095,0.032,0.27,63
39,462,28.692,31.0,16.692,15.5,0.308,0.115,0.269,26
39,1966,25.385,20.0,13.538,10.0,0.269,0.077,0.269,26
960,897,13.333,15.5,9.867,8.0,0.133,0.033,0.267,30
100,2093,15.755,16.0,10.265,8.0,0.122,0.102,0.265,49
97,222,50.348,60.0,28.87,30.0,0.13,0.174,0.261,23
37,722,37.348,40.0,21.826,20.0,0.217,0.087,0.261,23
25,1340,13.174,16.0,6.609,8.0,0.087,0.0,0.261,23
97,368,45.63,60.0,25.778,30.0,0.074,0.037,0.259,27
100,1086,14.657,12.0,9.4,6.0,0.086,0.057,0.257,35
100,1869,12.857,16.0,6.571,8.0,0.029,0.0,0.257,35
97,226,45.809,53.0,26.383,28.0,0.043,0.064,0.255,47
72,213,40.75,39.0,26.893,18.0,0.464,0.607,0.25,28
59,3483,57.15,57.0,32.4,28.5,0.3,0.3,0.25,20
63,4533,23.55,19.0,16.1,10.0,0.25,0.2,0.25,20
97,655,55.679,60.0,34.179,30.0,0.268,0.179,0.25,56
29,2289,17.0,16.0,9.667,8.0,0.167,0.167,0.25,24
110,2648,40.1,43.0,23.35,21.0,0.3,0.1,0.25,20
7,3853,14.75,20.0,10.5,10.0,0.125,0.0,0.25,24
52,5861,26.1,30.0,13.1,15.5,0.05,0.0,0.25,20
100,1164,11.333,12.0,5.625,6.0,0.0,0.0,0.25,24
110,234,36.551,40.0,18.796,20.0,0.163,0.061,0.245,49
96,188,28.217,25.0,15.506,15.0,0.108,0.024,0.241,83
25,2881,15.8,14.0,8.48,7.0,0.08,0.08,0.24,25
43,263,21.762,20.0,11.333,10.0,0.19,0.19,0.238,21
68,1464,36.476,40.0,19.762,20.0,0.095,0.095,0.238,21
85,2383,22.0,22.0,10.714,11.0,0.0,0.0,0.238,21
97,1483,51.421,53.0,26.421,26.5,0.132,0.158,0.237,38
25,4,14.917,16.0,8.458,8.0,0.069,0.042,0.236,72
39,394,24.745,32.0,12.291,15.0,0.127,0.036,0.236,55
36,159,13.296,11.0,7.051,5.0,0.184,0.245,0.235,98
97,142,55.833,51.0,26.333,25.0,0.233,0.233,0.233,30
52,272,29.967,34.0,16.933,18.0,0.233,0.033,0.233,30
12,728,31.918,34.0,16.493,20.0,0.11,0.014,0.233,73
97,389,60.038,60.0,30.5,30.0,0.231,0.269,0.231,26
36,303,12.923,12.0,6.5,6.0,0.115,0.269,0.231,26
97,321,59.5,60.0,36.346,30.0,0.269,0.192,0.231,26
68,1356,33.646,29.0,18.662,16.0,0.123,0.138,0.231,65
63,1116,16.981,16.0,10.596,8.0,0.135,0.115,0.231,52
34,216,28.571,28.0,20.086,15.0,0.457,0.371,0.229,35
68,603,29.737,27.0,15.035,12.0,0.07,0.07,0.228,57
25,769,14.886,18.0,7.785,9.0,0.114,0.051,0.228,79
54,821,21.806,22.0,11.161,10.0,0.161,0.161,0.226,31
25,504,14.935,16.0,8.032,8.0,0.097,0.065,0.226,31
116,684,13.927,16.0,7.457,8.0,0.067,0.03,0.226,164
68,1810,35.258,26.0,19.629,13.0,0.135,0.157,0.225,89
925,850,25.806,20.0,11.306,10.0,0.278,0.083,0.222,36
108,880,36.407,40.0,20.259,20.0,0.259,0.037,0.222,27
52,348,31.889,36.0,17.852,18.0,0.111,0.037,0.222,27
68,1,33.139,30.0,17.071,16.0,0.107,0.107,0.221,280
116,579,14.485,16.0,7.397,8.0,0.074,0.029,0.221,68
25,1841,14.5,17.0,7.25,9.0,0.062,0.031,0.219,32
68,561,34.618,36.0,19.818,20.0,0.164,0.127,0.218,55
84,1014,29.087,20.0,19.913,10.0,0.174,0.261,0.217,23
39,263,26.478,34.0,14.087,17.0,0.217,0.0,0.217,23
79,372,27.027,20.0,14.568,10.0,0.0,0.081,0.216,37
96,772,28.631,34.0,14.354,17.0,0.046,0.0,0.215,65
39,1033,28.0,34.0,15.464,17.0,0.25,0.071,0.214,28
25,2538,15.714,18.0,8.5,9.0,0.143,0.071,0.214,28
52,2853,26.393,27.5,14.321,17.0,0.143,0.0,0.214,28
63,1095,23.885,20.0,16.066,10.0,0.328,0.262,0.213,61
94,505,32.442,40.0,18.885,20.0,0.115,0.077,0.212,52
47,226,22.176,19.0,11.565,9.0,0.035,0.035,0.212,85
37,581,47.708,40.0,31.667,20.0,0.417,0.25,0.208,24
68,1110,38.0,40.5,18.0,19.0,0.083,0.208,0.208,24
47,1844,26.464,24.0,14.864,12.0,0.112,0.088,0.208,125
32,1455,18.583,20.0,9.542,10.0,0.042,0.042,0.208,24
94,2843,28.5,37.0,15.042,18.5,0.042,0.0,0.208,24
68,3145,37.414,37.0,21.569,20.0,0.155,0.19,0.207,58
925,1340,18.483,20.0,9.828,10.0,0.172,0.034,0.207,29
32,1745,20.765,20.0,10.735,10.0,0.118,0.088,0.206,34
96,596,34.559,40.0,20.029,20.0,0.147,0.059,0.206,34
32,484,20.513,21.0,10.308,11.0,0.128,0.09,0.205,78
37,1404,36.5,39.0,22.409,20.0,0.25,0.068,0.205,44
96,322,35.432,39.5,21.364,20.0,0.205,0.068,0.205,44
47,1744,25.455,24.0,12.659,12.0,0.045,0.045,0.205,44
25,161,15.0,18.0,7.909,9.0,0.045,0.023,0.205,44
11,685,33.389,37.0,17.352,19.5,0.185,0.148,0.204,54
11,5319,37.95,42.5,20.1,23.0,0.25,0.25,0.2,20
102,1140,24.36,20.0,13.2,10.0,0.16,0.24,0.2,25
116,1951,22.48,17.0,15.6,8.0,0.16,0.16,0.2,25
97,1756,54.9,52.0,31.8,26.0,0.1,0.15,0.2,20
68,1283,35.28,30.0,18.0,20.0,0.08,0.12,0.2,25
85,3828,25.75,23.0,13.2,12.5,0.15,0.1,0.2,20
929,2521,14.171,16.0,7.343,8.0,0.057,0.057,0.2,35
96,567,29.6,38.0,14.8,19.0,0.05,0.05,0.2,20
96,1468,30.267,35.0,16.7,18.0,0.167,0.033,0.2,30
39,963,30.067,32.0,16.233,16.0,0.067,0.033,0.2,30
47,2399,25.233,24.0,12.533,12.0,0.033,0.033,0.2,30
960,985,15.488,18.0,10.707,9.0,0.268,0.146,0.195,41
97,39,45.012,50.0,24.657,27.0,0.012,0.018,0.195,169
59,361,41.769,34.5,27.231,27.5,0.077,0.038,0.192,26
7,1663,16.462,20.0,8.654,10.0,0.077,0.0,0.192,26
52,1136,33.429,35.0,16.548,16.0,0.31,0.19,0.19,42
43,928,23.762,20.0,13.476,10.0,0.19,0.19,0.19,21
47,330,31.857,40.0,17.952,19.0,0.143,0.143,0.19,21
37,14,39.238,40.0,24.524,20.0,0.238,0.095,0.19,21
52,821,31.048,34.0,15.0,16.0,0.19,0.095,0.19,21
47,524,27.603,30.0,14.81,16.0,0.159,0.063,0.19,63
25,160,16.857,16.0,10.286,8.0,0.063,0.063,0.19,63
89,1801,19.476,20.0,11.667,10.0,0.143,0.048,0.19,21
7,1675,17.857,20.0,9.81,10.0,0.095,0.048,0.19,21
32,2498,20.762,24.0,10.333,12.0,0.095,0.048,0.19,21
96,3117,31.714,40.0,17.0,20.0,0.095,0.048,0.19,21
108,899,34.476,40.0,18.19,20.0,0.095,0.048,0.19,21
47,785,23.379,20.0,11.897,10.0,0.017,0.017,0.19,58
12,1294,36.524,42.0,21.048,22.0,0.333,0.0,0.19,21
63,3714,14.476,18.0,7.143,9.0,0.0,0.0,0.19,21
47,419,28.688,24.0,16.75,11.0,0.156,0.125,0.188,32
29,2521,16.594,16.0,8.312,8.0,0.125,0.125,0.188,32
85,1390,28.261,26.0,15.986,13.0,0.145,0.101,0.188,69
39,2473,30.156,30.0,17.5,15.0,0.156,0.094,0.188,64
47,379,24.869,20.0,13.283,10.0,0.09,0.041,0.186,145
52,77,32.023,36.0,16.488,18.0,0.163,0.023,0.186,43
96,75,31.183,38.0,16.335,20.0,0.153,0.015,0.186,334
32,1334,21.704,24.0,15.222,12.0,0.185,0.111,0.185,27
52,5006,32.444,36.0,16.148,19.0,0.222,0.074,0.185,27
59,5106,52.481,56.0,29.556,30.0,0.148,0.074,0.185,27
96,31,33.37,40.0,18.778,20.0,0.148,0.037,0.185,27
39,881,26.519,34.0,13.222,17.0,0.111,0.0,0.185,27
110,2507,32.926,28.0,17.667,15.0,0.111,0.0,0.185,27
85,148,31.0,38.0,15.553,19.0,0.211,0.105,0.184,38
85,704,36.818,44.0,21.364,22.0,0.682,0.364,0.182,22
35,2125,20.545,20.0,10.182,10.0,0.318,0.273,0.182,22
95,1588,19.424,20.0,11.242,10.0,0.182,0.152,0.182,33
52,432,33.5,31.5,21.318,19.5,0.364,0.091,0.182,22
47,544,28.773,32.0,15.227,18.0,0.182,0.091,0.182,22
7,689,17.5,20.0,8.773,10.0,0.045,0.045,0.182,22
29,2420,13.636,16.0,6.818,8.0,0.045,0.045,0.182,22
47,332,33.373,36.0,18.179,18.0,0.239,0.224,0.179,67
939,820,22.786,23.0,12.071,11.5,0.179,0.143,0.179,28
40,1179,36.214,38.0,20.536,20.0,0.214,0.036,0.179,28
100,1925,12.679,15.0,6.393,8.0,0.0,0.0,0.179,28
39,20,27.084,32.0,13.885,16.0,0.17,0.014,0.178,584
108,902,33.902,40.0,18.353,20.0,0.176,0.039,0.176,51
960,1888,22.087,20.0,12.913,10.0,0.261,0.217,0.174,23
29,3211,17.174,16.0,9.478,8.0,0.217,0.217,0.174,23
47,2191,27.565,24.0,15.043,12.0,0.13,0.087,0.174,23
68,796,35.686,33.0,19.054,17.5,0.103,0.137,0.172,204
52,3214,30.034,34.0,15.759,17.0,0.276,0.034,0.172,29
63,69,22.189,20.0,13.955,10.0,0.207,0.189,0.171,111
96,248,31.872,34.5,18.596,19.5,0.223,0.064,0.17,94
925,5,23.033,20.0,13.9,10.0,0.467,0.2,0.167,30
129,263,29.25,29.0,16.458,17.0,0.167,0.167,0.167,24
94,1820,32.7,32.0,21.733,16.0,0.2,0.1,0.167,30
37,2160,40.333,40.0,27.028,20.0,0.278,0.083,0.167,36
25,1482,17.417,18.5,9.667,10.0,0.208,0.083,0.167,24
63,353,16.015,18.0,9.242,9.0,0.091,0.076,0.167,66
37,1604,35.167,38.0,19.017,19.5,0.15,0.033,0.167,60
116,667,15.203,16.0,7.884,8.0,0.065,0.029,0.167,138
41,372,17.476,19.0,9.143,9.0,0.095,0.024,0.167,42
79,207,39.564,36.0,22.945,18.0,0.145,0.309,0.164,55
63,2539,17.09,18.0,9.313,9.0,0.119,0.09,0.164,67
97,704,60.023,60.0,31.605,30.0,0.163,0.233,0.163,43
63,10476,18.551,18.0,10.959,9.0,0.184,0.122,0.163,49
52,159,32.456,34.0,17.176,19.0,0.265,0.118,0.162,68
47,641,29.58,30.0,16.462,16.0,0.14,0.126,0.161,143
929,846,18.242,16.0,12.048,8.0,0.129,0.097,0.161,62
133,215,19.839,22.0,10.903,11.0,0.065,0.032,0.161,31
939,1566,25.16,20.0,15.12,10.0,0.16,0.16,0.16,25
54,2414,24.32,22.0,12.52,11.0,0.16,0.12,0.16,25
53,906,22.206,14.0,11.822,7.0,0.159,0.299,0.159,107
32,913,22.101,24.0,12.671,12.0,0.152,0.076,0.158,158
85,223,26.914,30.0,13.993,15.0,0.105,0.072,0.158,152
924,12,17.711,20.0,8.921,10.0,0.105,0.026,0.158,38
32,1500,25.375,24.0,14.219,12.0,0.156,0.125,0.156,32
63,359,17.625,16.0,10.797,8.5,0.094,0.062,0.156,64
929,642,16.312,16.0,9.297,8.0,0.062,0.031,0.156,64
52,83,30.0,36.0,15.778,19.0,0.111,0.022,0.156,45
939,1821,28.732,24.0,18.113,12.0,0.254,0.254,0.155,71
929,1094,19.759,16.0,12.828,8.0,0.121,0.121,0.155,58
96,86,31.329,38.5,16.543,20.0,0.103,0.003,0.155,368
68,2090,41.808,41.0,21.192,21.0,0.154,0.231,0.154,26
38,494,29.115,29.0,16.038,14.5,0.231,0.192,0.154,26
73,581,43.0,47.0,23.615,23.5,0.115,0.077,0.154,26
929,2405,18.769,16.0,11.462,8.0,0.077,0.077,0.154,26
52,1108,33.365,36.0,17.506,18.0,0.179,0.051,0.154,156
925,1841,20.769,20.0,11.385,10.0,0.269,0.038,0.154,26
39,3404,25.808,30.5,13.154,15.5,0.154,0.0,0.154,26
59,627,53.418,56.0,27.975,29.0,0.165,0.177,0.152,79
11,73,34.552,36.0,17.816,18.0,0.144,0.136,0.152,125
7,1177,20.485,20.0,11.727,10.0,0.061,0.03,0.152,33
12,12,37.152,40.0,19.826,20.0,0.239,0.022,0.152,46
37,376,30.152,32.0,16.606,18.0,0.091,0.0,0.152,33
36,81,16.075,12.0,10.585,6.0,0.208,0.264,0.151,53
85,574,30.151,30.0,18.0,15.0,0.226,0.189,0.151,53
85,116,26.269,28.0,13.376,15.0,0.065,0.043,0.151,93
29,1444,20.1,16.0,10.35,8.0,0.2,0.25,0.15,20
41,1457,23.4,20.0,13.1,10.0,0.2,0.2,0.15,20
96,3021,41.3,40.0,25.6,20.0,0.2,0.15,0.15,20
59,330,52.45,52.0,27.25,26.0,0.15,0.15,0.15,20
94,4076,38.05,34.0,25.85,17.5,0.15,0.1,0.15,20
108,1536,36.95,40.0,22.25,20.0,0.1,0.1,0.15,20
96,2677,31.6,39.5,17.35,20.0,0.15,0.05,0.15,20
12,611,35.1,37.0,17.55,18.5,0.25,0.0,0.15,20
54,1286,24.713,27.0,12.828,14.0,0.172,0.172,0.149,87
925,1829,19.255,20.0,10.085,10.0,0.319,0.043,0.149,47
960,22,21.568,20.0,12.728,10.0,0.272,0.173,0.148,81
47,3744,31.519,36.0,16.222,18.0,0.222,0.148,0.148,27
85,194,30.037,24.0,17.37,12.0,0.148,0.148,0.148,27
63,686,19.269,18.0,11.056,9.0,0.139,0.102,0.148,108
73,480,37.278,41.5,22.0,22.5,0.204,0.019,0.148,54
53,263,22.441,16.0,11.235,7.0,0.118,0.324,0.147,34
34,821,26.794,20.0,14.676,10.0,0.235,0.265,0.147,34
34,2900,20.5,20.0,10.147,10.0,0.118,0.147,0.147,34
85,201,26.745,24.0,14.49,12.0,0.098,0.098,0.147,102
7,957,17.8,20.0,9.105,10.0,0.042,0.032,0.147,95
100,461,14.705,16.0,7.837,8.0,0.039,0.023,0.147,129
24,12,18.896,20.0,10.896,10.0,0.229,0.104,0.146,48
63,1465,19.396,18.0,12.021,9.5,0.146,0.083,0.146,48
96,357,33.146,36.0,18.341,19.0,0.146,0.049,0.146,41
960,515,17.521,18.0,9.667,9.0,0.146,0.042,0.146,48
54,1830,30.618,28.0,19.545,14.0,0.364,0.309,0.145,55
36,218,15.935,12.0,8.677,6.0,0.161,0.274,0.145,62
52,73,28.527,19.0,15.618,10.0,0.236,0.2,0.145,55
85,1005,27.618,24.0,15.636,12.0,0.127,0.109,0.145,55
108,1078,33.768,40.0,18.768,20.0,0.159,0.043,0.145,69
47,1608,25.855,24.0,13.783,12.0,0.072,0.043,0.145,69
45,824,37.905,32.0,27.238,16.0,0.333,0.524,0.143,21
39,1566,42.095,36.0,28.952,18.0,0.381,0.286,0.143,21
29,1914,19.762,16.0,11.762,8.0,0.238,0.238,0.143,21
54,999,24.875,23.0,12.75,11.5,0.143,0.143,0.143,56
32,3967,22.429,24.0,11.238,12.0,0.143,0.095,0.143,21
929,107,20.347,16.0,13.265,8.0,0.102,0.082,0.143,49
47,542,27.883,28.0,14.949,16.5,0.102,0.071,0.143,196
37,4191,37.381,40.0,23.952,20.0,0.19,0.048,0.143,21
63,39,17.667,20.0,8.81,10.0,0.095,0.048,0.143,21
41,4672,21.476,20.0,13.095,10.0,0.048,0.048,0.143,21
96,159,31.143,33.0,15.257,15.0,0.171,0.029,0.143,35
37,3062,35.81,40.0,19.286,20.0,0.19,0.0,0.143,21
7,938,17.642,20.0,9.254,10.0,0.06,0.03,0.142,134
96,1016,36.312,40.0,20.391,20.0,0.203,0.094,0.141,64
25,119,17.513,18.0,8.833,9.0,0.115,0.051,0.141,78
85,1453,33.395,36.0,17.395,20.0,0.419,0.349,0.14,43
53,391,22.48,15.5,12.02,7.0,0.1,0.28,0.14,50
97,280,62.151,56.0,32.817,30.0,0.204,0.247,0.14,93
29,1668,18.78,16.0,10.74,8.0,0.24,0.2,0.14,50
60,142,17.907,18.0,9.884,9.0,0.116,0.058,0.14,86
129,701,29.871,26.0,15.904,13.0,0.11,0.167,0.139,209
72,368,35.25,39.0,20.412,19.5,0.5,0.7,0.138,80
54,2146,31.172,22.0,17.414,11.0,0.207,0.276,0.138,29
960,476,17.754,18.0,9.862,10.0,0.185,0.077,0.138,65
63,724,18.015,18.0,10.277,9.0,0.062,0.031,0.138,65
59,66,59.745,50.0,31.627,26.0,0.353,0.392,0.137,51
24,2067,22.773,20.0,11.636,10.0,0.318,0.273,0.136,22
54,1062,24.0,22.0,12.593,11.0,0.186,0.22,0.136,59
39,1309,26.273,30.0,14.455,15.0,0.227,0.045,0.136,22
37,3767,38.318,40.0,19.364,20.0,0.136,0.045,0.136,22
35,2408,17.045,18.0,9.273,9.0,0.091,0.045,0.136,22
96,480,32.727,40.0,17.864,20.0,0.091,0.023,0.136,44
108,1747,28.0,28.5,13.909,14.0,0.0,0.0,0.136,22
59,1108,60.541,60.0,31.811,30.0,0.27,0.324,0.135,37
54,1374,27.757,28.0,12.676,14.0,0.189,0.243,0.135,37
52,1066,35.757,40.0,20.243,20.0,0.297,0.135,0.135,37
25,72,17.0,15.5,9.923,8.0,0.212,0.115,0.135,52
32,2623,23.892,24.0,12.73,12.0,0.162,0.108,0.135,37
52,451,31.611,33.0,16.357,18.0,0.175,0.063,0.135,126
52,1370,30.622,30.0,15.568,17.0,0.135,0.027,0.135,37
79,519,36.32,35.0,18.459,17.0,0.017,0.238,0.134,344
85,1502,25.373,22.0,14.157,12.0,0.096,0.06,0.133,83
43,255,25.0,21.5,13.184,12.0,0.289,0.263,0.132,38
68,173,46.868,41.0,24.132,20.5,0.237,0.263,0.132,38
11,209,36.088,36.0,19.912,18.0,0.265,0.235,0.132,68
32,185,21.184,22.0,11.053,12.0,0.079,0.026,0.132,38
37,1929,53.739,40.0,36.609,20.0,0.391,0.348,0.13,23
86,1715,24.913,20.0,12.304,10.0,0.13,0.348,0.13,23
86,2199,22.652,18.0,11.304,10.0,0.043,0.348,0.13,23
47,2802,39.913,38.0,24.957,18.0,0.217,0.217,0.13,23
47,2141,31.957,36.0,17.957,18.0,0.217,0.174,0.13,23
35,4230,19.261,16.0,10.696,8.0,0.261,0.13,0.13,23
47,539,31.717,32.0,18.391,15.0,0.13,0.13,0.13,46
100,730,19.0,16.0,11.652,8.0,0.13,0.13,0.13,23
36,365,15.739,14.0,9.87,6.0,0.043,0.13,0.13,23
165,159,15.935,14.0,9.087,7.0,0.261,0.109,0.13,46
85,563,26.43,24.0,13.98,12.0,0.1,0.1,0.13,100
35,6025,17.565,18.0,9.348,9.0,0.087,0.087,0.13,23
110,3028,37.348,33.0,19.935,21.0,0.239,0.065,0.13,46
32,372,21.139,20.0,11.472,10.0,0.111,0.056,0.13,108
52,797,30.13,36.0,16.348,18.0,0.087,0.043,0.13,23
89,3026,18.783,20.0,10.261,10.0,0.087,0.043,0.13,23
63,527,14.13,16.0,6.826,8.0,0.0,0.0,0.13,23
960,982,23.677,18.0,14.484,9.0,0.29,0.226,0.129,31
68,3503,38.486,39.0,20.0,20.0,0.129,0.143,0.129,70
85,1082,32.108,32.0,17.43,16.0,0.129,0.118,0.129,93
52,137,31.857,36.0,16.657,18.0,0.179,0.014,0.129,140
12,637,40.634,40.0,21.426,21.0,0.228,0.01,0.129,101
110,1560,35.613,36.0,17.968,18.0,0.194,0.0,0.129,31
29,1982,16.638,16.0,9.83,8.0,0.191,0.17,0.128,47
85,245,25.564,24.0,13.897,12.0,0.103,0.051,0.128,39
52,5665,32.487,38.0,16.385,20.0,0.154,0.0,0.128,39
52,361,31.97,36.0,16.843,18.0,0.164,0.06,0.127,134
63,8315,15.587,16.0,8.032,10.0,0.079,0.032,0.127,63
97,67,62.931,60.0,34.253,30.0,0.23,0.207,0.126,87
97,2177,67.719,60.0,34.328,30.0,0.281,0.297,0.125,64
43,621,24.438,20.0,12.492,10.0,0.297,0.289,0.125,128
47,3150,36.688,36.0,22.75,18.0,0.188,0.219,0.125,32
79,77,38.688,44.0,19.875,22.0,0.031,0.219,0.125,32
29,682,17.25,16.0,8.625,8.0,0.208,0.208,0.125,24
939,105,24.45,24.0,12.975,12.5,0.2,0.2,0.125,40
63,1054,26.531,20.0,18.312,10.0,0.219,0.188,0.125,32
59,135,53.682,52.0,27.374,27.0,0.151,0.17,0.125,305
34,690,19.0,18.0,9.475,9.0,0.15,0.125,0.125,40
52,1470,38.5,40.0,19.571,20.0,0.304,0.089,0.125,56
85,4996,31.375,30.0,17.875,14.5,0.167,0.083,0.125,24
960,601,17.0,16.0,8.531,8.0,0.094,0.062,0.125,32
85,1889,27.219,24.0,14.75,13.0,0.062,0.062,0.125,32
133,462,22.713,24.0,11.404,12.0,0.074,0.051,0.125,136
94,130,30.224,34.0,15.708,19.0,0.047,0.005,0.125,192
32,69,25.101,22.0,15.472,12.0,0.247,0.202,0.124,89
85,1126,28.487,26.0,15.841,13.0,0.159,0.106,0.124,113
45,577,20.781,20.0,10.717,10.0,0.086,0.187,0.123,187
35,951,18.479,18.0,9.616,10.0,0.151,0.137,0.123,73
85,306,26.292,24.0,13.066,12.0,0.085,0.057,0.123,106
960,84,16.772,18.0,9.175,9.0,0.053,0.018,0.123,57
39,836,27.815,34.0,13.827,17.0,0.086,0.0,0.123,81
45,2686,23.976,20.0,14.732,10.0,0.195,0.341,0.122,41
939,1405,24.432,24.0,13.919,12.0,0.23,0.203,0.122,74
34,72,20.488,16.0,11.561,9.0,0.171,0.171,0.122,41
7,1716,19.98,20.0,10.633,10.0,0.102,0.082,0.122,49
47,2543,27.0,24.0,14.024,12.0,0.073,0.049,0.122,41
97,654,68.061,58.0,35.909,28.0,0.242,0.303,0.121,33
72,12,16.909,15.0,8.576,8.0,0.091,0.152,0.121,33
47,967,31.617,36.0,17.336,18.0,0.187,0.15,0.121,107
35,1119,19.242,20.0,10.766,10.0,0.177,0.113,0.121,124
35,174,16.788,16.0,9.303,9.0,0.091,0.061,0.121,33
52,474,33.682,38.5,17.303,20.0,0.197,0.053,0.121,132
7,890,18.345,20.0,9.655,10.0,0.069,0.034,0.121,58
37,717,35.5,38.0,17.636,19.0,0.091,0.015,0.121,66
94,45,31.423,40.0,16.198,20.0,0.033,0.011,0.121,182
94,50,29.543,34.0,15.098,17.0,0.023,0.004,0.121,530
39,1006,29.556,34.0,14.848,17.0,0.202,0.0,0.121,99
29,1647,19.24,16.0,10.88,10.0,0.32,0.24,0.12,25
35,4674,21.76,20.0,12.72,10.0,0.16,0.16,0.12,25
108,1654,37.28,40.0,22.08,20.0,0.28,0.08,0.12,25
40,3771,39.22,41.0,20.82,22.0,0.24,0.04,0.12,50
29,282,20.714,16.0,12.083,8.0,0.25,0.25,0.119,84
54,1329,26.119,22.0,14.67,11.0,0.183,0.174,0.119,109
63,130,15.82,18.0,8.063,9.0,0.065,0.048,0.119,479
129,275,31.941,29.5,16.559,14.5,0.088,0.206,0.118,34
35,1455,19.265,17.5,11.147,9.5,0.294,0.176,0.118,34
165,188,22.059,20.0,13.941,10.0,0.132,0.118,0.118,68
47,2754,31.118,32.0,17.559,15.0,0.088,0.059,0.118,34
96,587,32.059,37.0,16.559,18.5,0.088,0.0,0.118,34
96,1004,31.118,40.0,17.647,20.0,0.088,0.0,0.118,34
39,10,28.0,32.0,14.476,16.0,0.136,0.029,0.117,103
54,1300,28.326,28.0,14.907,14.0,0.326,0.326,0.116,43
86,478,23.492,20.0,12.705,10.0,0.098,0.311,0.115,61
939,127,26.5,29.0,14.923,15.0,0.269,0.269,0.115,26
97,628,63.452,60.0,33.968,30.0,0.191,0.261,0.115,157
102,5489,27.385,22.5,15.231,11.0,0.192,0.192,0.115,26
960,2621,20.385,18.0,11.077,9.0,0.173,0.154,0.115,52
89,627,24.231,20.0,16.846,10.0,0.231,0.115,0.115,26
63,110,18.673,18.0,10.712,9.0,0.115,0.115,0.115,52
39,550,31.639,32.0,18.557,16.0,0.279,0.082,0.115,61
40,2965,40.423,35.0,22.885,20.0,0.192,0.077,0.115,26
63,484,17.817,20.0,9.462,10.0,0.115,0.077,0.115,104
102,1876,44.886,45.0,24.171,28.0,0.514,0.543,0.114,35
84,159,22.864,20.0,12.659,10.0,0.091,0.386,0.114,44
29,311,21.182,16.0,12.352,8.0,0.261,0.261,0.114,88
68,328,43.771,40.0,25.8,20.0,0.257,0.257,0.114,35
96,804,32.371,35.0,17.229,18.0,0.029,0.029,0.114,35
110,1112,35.318,36.0,18.784,19.5,0.102,0.011,0.114,88
39,215,30.281,34.0,15.395,17.0,0.202,0.0,0.114,114
925,2689,18.795,20.0,9.409,10.0,0.159,0.0,0.114,44
79,788,37.919,30.0,20.484,15.0,0.113,0.242,0.113,62
37,671,41.547,40.0,23.453,20.0,0.283,0.075,0.113,53
929,1558,18.449,16.0,10.899,8.0,0.09,0.067,0.112,89
960,142,17.721,18.0,9.325,9.0,0.132,0.066,0.112,197
63,66,16.877,18.0,8.774,9.0,0.078,0.037,0.112,1267
54,2221,26.722,28.0,14.296,14.0,0.222,0.222,0.111,54
29,622,18.587,16.0,11.04,8.0,0.175,0.151,0.111,126
32,3916,23.944,24.0,11.972,12.0,0.167,0.111,0.111,36
40,1026,42.852,42.0,23.889,21.0,0.259,0.074,0.111,54
929,790,18.833,16.0,8.148,8.0,0.019,0.037,0.111,54
96,1409,34.0,37.0,17.417,20.0,0.194,0.028,0.111,36
939,197,18.481,16.0,9.519,8.0,0.019,0.019,0.111,54
73,158,39.887,44.0,20.244,22.0,0.069,0.002,0.111,521
52,145,29.417,30.0,16.056,16.0,0.222,0.0,0.111,36
54,140,26.462,26.0,13.484,13.0,0.176,0.198,0.11,91
95,424,22.78,20.0,10.901,10.0,0.11,0.099,0.11,91
32,948,23.517,24.0,12.768,12.0,0.18,0.118,0.109,211
47,1819,30.018,34.0,14.879,17.0,0.109,0.103,0.109,165
929,21,16.345,16.0,8.739,8.0,0.059,0.05,0.109,119
39,1088,30.543,32.0,17.696,16.0,0.196,0.043,0.109,46
52,801,33.24,36.0,17.421,20.0,0.189,0.022,0.109,366
84,153,26.541,18.0,15.068,9.5,0.203,0.27,0.108,74
86,116,23.049,20.0,11.857,10.0,0.063,0.251,0.108,223
45,1414,22.054,20.0,11.892,10.0,0.108,0.189,0.108,37
37,660,35.477,38.0,19.308,20.0,0.123,0.046,0.108,65
12,940,35.919,40.0,21.568,20.0,0.189,0.0,0.108,37
36,2025,15.714,12.5,8.857,6.5,0.179,0.357,0.107,28
53,1017,25.607,18.5,14.988,9.5,0.226,0.286,0.107,84
47,919,32.036,33.5,17.321,17.5,0.25,0.143,0.107,28
29,956,16.179,16.0,8.0,8.0,0.179,0.143,0.107,28
32,3422,22.036,20.0,11.143,10.0,0.143,0.107,0.107,28
100,72,16.036,15.0,9.036,7.0,0.107,0.107,0.107,28
116,1339,15.893,16.0,10.25,8.5,0.071,0.071,0.107,28
85,237,29.05,30.0,17.017,15.0,0.107,0.066,0.107,121
25,850,16.786,18.0,8.607,9.0,0.125,0.036,0.107,56
35,3666,17.286,17.5,8.714,8.5,0.107,0.036,0.107,28
52,39,32.897,36.0,16.986,19.0,0.183,0.024,0.107,290
43,1665,28.043,20.0,17.766,10.0,0.234,0.213,0.106,47
41,3095,23.979,20.0,13.617,10.0,0.213,0.17,0.106,47
85,1632,30.965,30.0,17.791,15.0,0.174,0.105,0.105,86
7,302,20.737,20.0,11.386,10.0,0.088,0.088,0.105,57
129,369,31.716,30.0,17.552,15.0,0.164,0.209,0.104,67
54,39,23.895,22.0,12.182,11.0,0.155,0.176,0.104,811
7,46,20.231,20.0,11.619,10.0,0.097,0.067,0.104,134
7,220,19.41,20.0,11.006,10.0,0.064,0.035,0.104,173
53,473,27.345,18.0,16.207,9.0,0.207,0.448,0.103,29
72,2356,29.31,20.0,20.345,10.0,0.276,0.345,0.103,29
35,5112,27.897,24.0,17.345,12.0,0.31,0.276,0.103,29
53,1002,22.569,16.0,12.414,8.5,0.138,0.259,0.103,58
129,15,29.379,27.0,15.103,13.0,0.034,0.207,0.103,29
32,1490,27.448,24.0,16.345,12.0,0.19,0.172,0.103,58
29,3215,17.931,16.0,8.931,8.0,0.172,0.172,0.103,29
939,20,22.276,20.0,11.626,10.0,0.117,0.107,0.103,503
38,382,26.138,24.0,13.517,12.0,0.207,0.103,0.103,29
35,372,19.224,20.0,9.914,10.0,0.155,0.103,0.103,58
94,534,37.724,40.0,23.414,20.0,0.138,0.103,0.103,29
54,2900,21.31,20.0,10.621,10.0,0.069,0.103,0.103,29
63,3743,20.931,20.0,12.828,10.0,0.103,0.069,0.103,29
52,246,34.41,37.0,18.808,19.5,0.192,0.064,0.103,78
100,3,15.722,16.0,8.226,9.0,0.055,0.031,0.103,583
37,71,39.162,40.0,19.368,20.0,0.162,0.029,0.103,68
73,376,33.966,36.0,21.172,22.0,0.069,0.0,0.103,29
7,493,16.793,20.0,8.345,10.0,0.0,0.0,0.103,29
86,467,27.746,30.0,14.475,15.0,0.169,0.441,0.102,59
43,354,19.745,20.0,11.061,10.0,0.061,0.061,0.102,98
29,107,18.865,16.0,10.831,8.0,0.18,0.169,0.101,89
32,427,21.478,23.0,11.029,12.0,0.043,0.029,0.101,69
86,4620,29.6,31.5,14.65,15.0,0.2,0.5,0.1,20
43,1952,34.7,21.0,22.9,10.5,0.4,0.4,0.1,20
86,2588,27.1,27.0,13.9,13.5,0.15,0.35,0.1,20
939,494,27.7,24.0,15.7,12.5,0.3,0.3,0.1,30
36,2250,22.8,12.0,15.35,6.0,0.25,0.3,0.1,20
53,1015,23.8,20.0,12.7,10.0,0.25,0.3,0.1,20
86,1082,20.475,20.0,10.4,10.0,0.05,0.175,0.1,40
59,583,56.433,55.0,30.733,29.5,0.267,0.167,0.1,30
939,24,23.95,20.0,13.1,10.0,0.162,0.15,0.1,80
85,2531,29.85,30.0,15.85,15.5,0.15,0.15,0.1,20
89,1161,24.65,20.0,15.3,10.0,0.15,0.15,0.1,20
54,440,24.7,22.0,13.55,11.0,0.1,0.1,0.1,20
129,494,27.15,28.0,15.3,12.0,0.1,0.1,0.1,20
54,506,23.32,22.0,12.02,11.0,0.1,0.08,0.1,50
7,1786,21.033,20.0,12.367,10.0,0.067,0.067,0.1,30
116,3580,17.25,16.0,9.6,8.5,0.15,0.05,0.1,20
41,3356,18.3,20.0,9.15,10.0,0.1,0.05,0.1,20
123,2,32.9,33.5,16.93,18.0,0.119,0.049,0.1,472
60,985,18.933,18.0,10.467,9.0,0.133,0.033,0.1,30
165,229,16.675,15.0,9.675,8.0,0.025,0.025,0.1,40
97,472,73.714,60.0,38.066,30.0,0.352,0.363,0.099,91
53,126,24.143,20.0,12.758,10.0,0.154,0.352,0.099,91
29,1094,20.662,16.0,11.606,8.0,0.254,0.239,0.099,71
53,142,23.886,16.0,13.742,7.5,0.182,0.303,0.098,132
32,2192,27.115,24.0,14.893,12.0,0.238,0.205,0.098,122
129,49,29.007,26.0,15.147,11.0,0.112,0.189,0.098,143
29,54,20.664,16.0,11.098,8.0,0.189,0.175,0.098,143
29,2405,16.854,16.0,8.366,8.0,0.146,0.146,0.098,41
89,152,24.721,20.0,15.443,10.0,0.18,0.115,0.098,61
52,1630,36.772,40.0,20.641,20.0,0.261,0.076,0.098,92
102,5732,52.484,58.0,27.935,30.0,0.613,0.806,0.097,31
102,774,29.903,20.0,16.806,10.0,0.194,0.29,0.097,62
54,726,27.032,23.0,14.677,11.0,0.161,0.226,0.097,62
129,382,28.742,28.0,15.0,14.0,0.129,0.194,0.097,31
110,717,41.097,44.0,23.806,22.0,0.194,0.097,0.097,31
52,980,35.774,38.0,17.613,18.0,0.129,0.032,0.097,31
7,693,18.548,20.0,9.645,10.0,0.065,0.032,0.097,31
102,1616,20.097,20.0,10.387,10.0,0.0,0.032,0.097,31
116,915,15.387,16.0,7.645,8.0,0.0,0.0,0.097,31
116,467,17.442,16.0,8.788,8.0,0.288,0.25,0.096,52
84,902,23.807,18.0,14.544,9.0,0.158,0.246,0.096,114
97,216,62.154,60.0,34.981,30.0,0.231,0.192,0.096,52
43,501,20.155,20.0,10.929,10.0,0.042,0.042,0.096,239
29,985,44.333,60.0,22.905,30.0,0.714,0.714,0.095,21
97,3061,71.095,60.0,38.452,31.0,0.333,0.333,0.095,42
63,580,26.357,20.0,17.452,10.0,0.333,0.31,0.095,42
11,221,38.143,36.0,22.476,18.0,0.333,0.286,0.095,21
84,430,22.311,18.0,12.878,10.0,0.135,0.243,0.095,74
129,127,30.714,28.0,17.952,14.0,0.238,0.238,0.095,21
54,79,26.586,26.0,13.94,14.0,0.216,0.224,0.095,116
32,332,26.578,24.0,14.687,12.0,0.211,0.184,0.095,147
29,846,18.371,16.0,10.21,8.0,0.2,0.181,0.095,105
96,1296,37.571,40.0,21.095,20.0,0.238,0.095,0.095,21
7,2144,28.048,20.0,9.286,10.0,0.048,0.095,0.095,21
960,560,18.495,18.0,10.257,9.0,0.152,0.086,0.095,105
52,3129,32.524,35.0,17.571,18.0,0.143,0.048,0.095,84
43,127,25.812,20.0,14.667,10.0,0.225,0.232,0.094,138
54,845,29.688,26.5,17.156,14.0,0.219,0.219,0.094,32
32,2097,25.969,24.0,14.469,12.0,0.188,0.125,0.094,32
165,1468,17.5,20.0,11.125,10.0,0.188,0.125,0.094,32
95,2456,23.208,20.0,13.34,10.0,0.113,0.113,0.094,53
52,743,37.5,40.0,20.219,20.0,0.312,0.062,0.094,32
52,1646,36.344,40.0,19.438,20.0,0.281,0.062,0.094,32
85,151,27.217,27.0,14.044,13.0,0.061,0.05,0.094,180
108,11,35.375,40.0,18.094,20.0,0.205,0.009,0.094,224
54,157,26.113,28.0,14.979,14.0,0.165,0.144,0.093,97
29,1035,16.72,16.0,8.533,8.0,0.147,0.133,0.093,75
35,30,20.093,20.0,11.651,10.0,0.209,0.116,0.093,43
7,385,18.086,20.0,9.353,10.0,0.03,0.015,0.093,745
85,227,29.932,30.0,15.16,16.0,0.112,0.081,0.092,705
52,207,34.057,36.0,18.079,18.0,0.179,0.074,0.092,229
89,214,20.184,20.0,11.079,10.0,0.092,0.053,0.092,76
102,2237,54.758,60.0,28.242,30.0,0.545,0.667,0.091,33
79,122,38.818,40.0,20.0,20.0,0.061,0.303,0.091,33
29,1174,19.455,16.0,10.091,8.0,0.227,0.227,0.091,22
54,1197,24.636,25.0,12.727,13.0,0.182,0.182,0.091,22
29,1558,19.545,16.0,11.652,8.0,0.174,0.159,0.091,132
63,520,21.955,18.5,14.727,10.0,0.227,0.136,0.091,22
95,467,21.273,20.0,11.945,10.0,0.182,0.127,0.091,55
32,2235,25.205,24.0,13.159,12.0,0.159,0.114,0.091,44
32,3591,24.227,24.0,12.182,12.0,0.091,0.091,0.091,22
34,4342,21.227,20.0,11.182,10.0,0.091,0.091,0.091,22
79,270,35.455,40.0,17.591,20.0,0.0,0.091,0.091,22
929,2054,18.705,16.0,12.864,8.0,0.091,0.068,0.091,44
52,135,33.895,38.0,17.192,19.0,0.181,0.017,0.091,707
110,47,37.612,40.0,19.382,20.0,0.124,0.003,0.091,330
96,3849,33.136,40.0,17.182,20.0,0.136,0.0,0.091,22
37,2298,35.273,40.0,17.364,19.0,0.045,0.0,0.091,22
36,370,16.795,12.0,10.192,6.0,0.179,0.282,0.09,78
36,1691,18.179,12.0,10.806,6.0,0.179,0.239,0.09,67
95,687,23.522,22.0,12.552,10.0,0.239,0.209,0.09,67
60,918,21.462,18.5,12.179,10.0,0.141,0.103,0.09,78
7,102,19.692,20.0,10.41,10.0,0.051,0.051,0.09,78
925,227,19.41,20.0,9.826,10.0,0.181,0.007,0.09,144
34,2146,25.139,22.0,13.291,11.0,0.241,0.266,0.089,79
29,642,22.62,16.0,14.051,8.0,0.228,0.215,0.089,79
25,33,19.222,18.0,10.578,9.0,0.133,0.067,0.089,45
116,339,18.125,16.0,10.821,8.0,0.125,0.054,0.089,56
38,111,24.532,26.0,12.57,13.0,0.127,0.051,0.089,79
36,814,15.175,12.0,9.158,6.0,0.123,0.228,0.088,57
95,2393,24.088,20.0,13.618,10.0,0.206,0.206,0.088,34
32,179,27.647,24.0,16.353,12.0,0.235,0.176,0.088,34
24,1287,22.812,20.0,13.388,10.0,0.212,0.175,0.088,80
129,91,27.529,21.0,14.235,10.0,0.059,0.147,0.088,34
24,1246,21.676,19.0,8.794,9.0,0.059,0.088,0.088,34
39,1405,30.812,33.0,16.588,17.0,0.188,0.038,0.088,80
37,960,36.404,36.0,19.018,18.0,0.088,0.0,0.088,57
102,866,36.826,40.0,18.261,20.0,0.0,0.783,0.087,23
72,678,24.457,18.0,13.0,9.0,0.261,0.37,0.087,46
35,2748,23.783,20.0,12.913,10.0,0.261,0.217,0.087,23
89,1384,28.217,20.0,19.478,10.0,0.217,0.217,0.087,23
84,149,20.365,18.0,10.766,9.0,0.057,0.177,0.087,299
36,1443,14.696,13.0,9.087,7.0,0.174,0.174,0.087,23
165,1702,21.913,20.0,13.957,10.0,0.174,0.174,0.087,23
41,804,24.34,20.0,14.049,10.0,0.204,0.146,0.087,103
63,2394,19.391,20.0,11.739,10.0,0.13,0.13,0.087,23
85,1575,31.304,30.0,15.87,15.0,0.13,0.13,0.087,23
89,99,23.522,20.0,13.957,10.0,0.13,0.13,0.087,23
63,1000,19.696,18.0,11.565,9.0,0.109,0.109,0.087,46
96,613,34.696,40.0,18.435,20.0,0.174,0.043,0.087,23
43,906,20.391,20.0,10.304,10.0,0.043,0.043,0.087,23
52,822,34.63,40.0,18.37,20.0,0.13,0.022,0.087,46
36,936,22.629,13.0,16.343,7.0,0.229,0.314,0.086,35
45,816,23.4,20.0,13.6,10.0,0.143,0.2,0.086,35
165,248,20.111,18.0,12.383,9.0,0.16,0.123,0.086,81
929,1656,18.286,16.0,10.886,8.0,0.086,0.086,0.086,35
63,2801,22.743,20.0,14.571,10.0,0.114,0.057,0.086,35
60,226,16.776,16.0,8.914,8.0,0.103,0.034,0.086,58
108,1206,35.514,34.0,19.171,17.0,0.2,0.029,0.086,35
123,624,32.343,30.0,17.171,17.0,0.143,0.0,0.086,35
34,873,21.254,20.0,11.644,10.0,0.102,0.102,0.085,59
100,504,15.683,16.0,8.486,8.0,0.134,0.056,0.085,142
7,1773,20.128,20.0,11.021,10.0,0.106,0.043,0.085,47
925,3,20.718,20.0,10.95,10.0,0.297,0.023,0.085,259
37,367,35.809,40.0,18.553,20.0,0.128,0.0,0.085,47
960,918,19.783,18.0,11.88,9.0,0.265,0.12,0.084,83
43,1198,22.295,20.0,12.663,10.0,0.084,0.084,0.084,95
94,163,31.036,40.0,16.759,20.0,0.036,0.024,0.084,83
12,53,39.102,40.0,19.939,20.0,0.166,0.004,0.084,489
86,1664,27.667,27.0,13.792,13.5,0.104,0.479,0.083,48
85,1898,37.417,40.0,20.458,20.0,0.375,0.292,0.083,24
54,1069,32.274,28.0,18.333,14.0,0.274,0.286,0.083,84
36,1613,13.783,12.0,7.517,6.0,0.083,0.217,0.083,60
45,351,22.729,20.0,13.083,10.0,0.125,0.208,0.083,48
35,1667,19.604,18.0,10.146,10.0,0.208,0.167,0.083,48
36,1467,12.222,12.0,6.111,6.0,0.0,0.167,0.083,36
165,596,22.139,20.0,13.694,10.0,0.194,0.139,0.083,36
60,476,21.167,18.0,12.153,9.0,0.181,0.139,0.083,72
63,1387,19.5,20.0,11.0,10.0,0.167,0.125,0.083,24
165,517,21.639,16.0,13.944,8.0,0.194,0.111,0.083,36
32,973,23.292,24.0,11.25,12.0,0.125,0.083,0.083,24
29,3712,15.417,15.0,7.625,7.0,0.083,0.083,0.083,24
89,970,19.6,20.0,11.1,10.0,0.1,0.067,0.083,60
54,2478,23.083,22.5,11.5,11.0,0.042,0.042,0.083,24
89,2381,19.193,20.0,10.229,10.0,0.092,0.037,0.083,109
96,617,34.904,40.0,17.541,20.0,0.14,0.006,0.083,157
39,203,27.819,32.0,14.036,16.0,0.135,0.005,0.083,193
36,1009,20.082,14.0,13.408,7.0,0.265,0.327,0.082,49
35,26,24.907,20.0,15.082,10.0,0.258,0.237,0.082,97
939,1619,22.888,20.0,11.837,10.0,0.112,0.112,0.082,98
24,245,20.932,20.0,11.521,10.0,0.11,0.11,0.082,73
38,18,25.69,28.0,13.276,14.0,0.142,0.082,0.082,268
116,578,17.738,16.0,9.492,8.0,0.115,0.066,0.082,61
108,149,36.007,40.0,18.248,20.0,0.177,0.004,0.082,282
108,1903,35.347,40.0,18.184,20.0,0.143,0.0,0.082,49
53,15,26.686,19.5,15.686,9.0,0.174,0.291,0.081,86
129,1808,35.047,28.0,20.36,14.0,0.186,0.256,0.081,86
35,23,22.77,18.0,13.516,10.0,0.248,0.211,0.081,161
97,20,63.758,60.0,33.613,30.0,0.177,0.21,0.081,62
35,2729,23.703,20.0,14.243,10.0,0.216,0.189,0.081,37
11,67,36.324,36.0,18.24,18.0,0.17,0.164,0.081,383
939,10,22.874,22.0,11.815,11.0,0.133,0.133,0.081,135
116,638,17.351,19.0,9.351,10.0,0.108,0.081,0.081,37
39,1821,28.622,30.0,16.919,15.0,0.108,0.054,0.081,37
925,72,18.324,19.0,9.946,9.0,0.108,0.027,0.081,37
54,1621,27.68,28.0,14.36,14.0,0.28,0.32,0.08,25
36,549,16.4,12.0,8.84,6.0,0.12,0.24,0.08,25
38,1047,31.76,30.0,22.04,15.0,0.4,0.2,0.08,25
36,445,13.5,12.0,6.78,6.0,0.06,0.18,0.08,50
939,369,24.259,24.0,12.929,12.0,0.179,0.17,0.08,112
85,1723,38.12,40.0,20.92,20.0,0.36,0.16,0.08,25
123,508,41.32,40.0,24.76,20.0,0.2,0.12,0.08,25
133,18,25.875,24.0,13.402,12.0,0.136,0.087,0.08,264
165,1060,19.11,20.0,11.07,10.0,0.12,0.08,0.08,100
939,1410,21.96,20.0,12.0,10.0,0.12,0.08,0.08,25
7,212,19.566,20.0,10.646,10.0,0.097,0.053,0.08,113
37,2535,37.96,40.0,19.36,20.0,0.12,0.04,0.08,25
85,354,24.2,24.0,12.32,12.0,0.08,0.04,0.08,25
929,272,16.648,16.0,8.996,8.0,0.052,0.04,0.08,250
32,1027,19.48,20.0,10.08,12.0,0.0,0.0,0.08,25
36,750,15.693,12.0,8.939,6.0,0.143,0.229,0.079,280
36,615,15.72,12.0,9.335,6.0,0.122,0.207,0.079,164
41,1103,24.395,20.0,14.158,11.0,0.342,0.158,0.079,38
129,1983,27.396,26.0,13.802,13.0,0.079,0.149,0.079,101
939,836,23.596,20.0,12.809,10.0,0.146,0.146,0.079,89
35,1878,19.402,18.0,10.37,10.0,0.15,0.118,0.079,127
86,223,19.288,20.0,9.748,10.0,0.014,0.072,0.079,139
116,457,19.333,16.0,11.429,8.0,0.111,0.063,0.079,63
29,372,22.588,20.0,12.059,10.0,0.314,0.255,0.078,51
54,497,26.588,25.0,13.882,14.0,0.196,0.176,0.078,51
94,927,37.344,40.0,22.109,20.0,0.172,0.109,0.078,64
34,3448,19.944,18.0,10.789,9.0,0.067,0.067,0.078,90
34,756,19.348,18.0,10.278,9.0,0.078,0.061,0.078,115
96,314,34.784,40.0,18.275,20.0,0.196,0.039,0.078,51
72,225,16.969,15.5,9.109,8.0,0.031,0.031,0.078,64
39,1619,29.255,30.0,15.725,16.0,0.098,0.02,0.078,51
38,91,25.157,26.0,13.0,14.0,0.078,0.02,0.078,51
102,423,32.419,25.0,17.513,12.0,0.179,0.325,0.077,117
960,3127,28.923,19.0,20.962,9.5,0.346,0.308,0.077,26
84,1060,32.154,20.0,17.128,10.0,0.205,0.308,0.077,39
53,2706,25.75,20.0,15.288,10.0,0.212,0.288,0.077,52
54,2014,29.282,28.0,15.974,14.0,0.205,0.256,0.077,39
72,1008,23.346,18.0,12.872,9.0,0.192,0.256,0.077,78
53,5188,22.615,17.5,12.385,8.5,0.192,0.231,0.077,26
32,1836,30.205,24.0,13.026,12.0,0.205,0.205,0.077,39
52,1989,33.538,36.0,16.846,18.0,0.154,0.115,0.077,26
89,1633,19.385,20.0,9.731,10.0,0.115,0.077,0.077,26
52,491,35.538,36.0,18.077,18.0,0.103,0.077,0.077,39
85,2148,24.5,22.0,12.423,11.0,0.077,0.077,0.077,26
25,780,19.712,18.0,10.019,9.0,0.154,0.058,0.077,52
89,2475,18.654,20.0,9.962,10.0,0.115,0.038,0.077,26
52,220,35.026,40.0,19.59,20.0,0.231,0.026,0.077,39
96,867,33.359,40.0,16.744,20.0,0.077,0.026,0.077,39
116,171,18.59,16.0,10.462,8.0,0.077,0.026,0.077,39
7,1788,17.038,20.0,8.615,10.0,0.0,0.0,0.077,26
29,298,18.025,16.0,10.008,8.0,0.119,0.11,0.076,118
52,300,34.599,40.0,17.506,20.0,0.128,0.035,0.076,172
165,86,16.542,17.0,8.673,9.0,0.091,0.033,0.076,330
52,583,34.333,36.0,17.752,18.0,0.162,0.029,0.076,105
40,2,42.545,44.0,21.448,22.0,0.172,0.0,0.076,290
102,341,36.925,40.0,19.588,20.0,0.062,0.712,0.075,80
86,1760,28.642,28.0,14.906,14.0,0.151,0.472,0.075,53
34,1062,26.05,21.0,13.3,10.5,0.3,0.3,0.075,40
53,540,25.975,20.0,16.725,10.0,0.15,0.3,0.075,40
68,1321,42.788,40.0,23.738,22.5,0.212,0.225,0.075,80
85,497,33.955,36.0,17.662,18.0,0.218,0.158,0.075,133
95,276,24.34,20.0,13.33,10.0,0.17,0.151,0.075,106
54,1023,24.194,22.0,12.866,11.0,0.134,0.149,0.075,67
939,203,23.89,25.0,12.088,13.0,0.158,0.145,0.075,228
116,511,22.375,16.0,14.025,8.0,0.15,0.125,0.075,40
29,272,16.466,16.0,8.867,8.0,0.122,0.109,0.075,451
116,195,18.194,16.0,10.054,8.0,0.118,0.097,0.075,93
165,75,16.627,18.0,8.521,9.0,0.114,0.047,0.075,359
96,146,34.511,40.0,17.828,20.0,0.127,0.011,0.075,268
102,1834,31.778,28.0,19.259,12.0,0.185,0.333,0.074,27
939,382,27.111,26.0,14.37,13.0,0.259,0.259,0.074,27
36,1332,18.093,12.0,11.074,6.0,0.222,0.259,0.074,54
35,319,19.519,18.0,10.278,9.0,0.148,0.111,0.074,54
35,115,18.782,18.0,9.737,9.0,0.108,0.084,0.074,873
24,221,19.741,20.0,10.185,10.0,0.185,0.074,0.074,27
929,1982,18.037,16.0,11.037,8.0,0.185,0.074,0.074,27
43,399,20.963,20.0,13.148,10.0,0.111,0.074,0.074,27
47,1990,33.444,36.0,17.037,18.0,0.111,0.074,0.074,27
38,252,25.519,25.0,13.296,13.0,0.111,0.062,0.074,81
52,330,32.915,36.0,16.681,19.0,0.106,0.043,0.074,94
25,730,16.556,18.0,8.296,9.0,0.037,0.0,0.074,27
86,1339,27.902,28.0,14.293,14.0,0.195,0.439,0.073,41
102,173,29.195,20.0,14.854,10.0,0.146,0.317,0.073,41
29,141,17.922,16.0,9.48,8.0,0.229,0.201,0.073,179
43,18,23.932,20.0,12.196,10.0,0.196,0.197,0.073,629
54,1030,27.232,22.0,15.537,11.0,0.195,0.171,0.073,82
79,117,32.927,28.0,16.296,14.0,0.017,0.151,0.073,179
63,134,22.891,18.0,13.491,9.0,0.127,0.127,0.073,55
960,628,19.0,20.0,10.293,10.0,0.195,0.122,0.073,41
32,1706,22.951,22.0,12.146,12.0,0.171,0.098,0.073,41
165,750,17.353,17.5,9.633,8.0,0.12,0.033,0.073,150
52,95,34.033,36.0,17.273,19.0,0.16,0.022,0.073,451
102,1,28.028,20.0,14.223,10.0,0.084,0.306,0.072,775
102,195,30.544,20.0,16.648,10.0,0.144,0.304,0.072,125
54,72,22.959,20.0,13.299,10.0,0.134,0.103,0.072,97
84,1675,23.521,18.0,13.379,9.0,0.179,0.264,0.071,140
102,3224,27.024,23.5,16.81,12.0,0.19,0.262,0.071,42
24,1594,25.786,20.0,15.381,10.0,0.286,0.19,0.071,42
24,1097,24.476,20.0,15.786,10.0,0.143,0.143,0.071,42
133,1031,26.179,24.0,15.196,12.0,0.116,0.089,0.071,112
960,577,17.536,16.0,9.964,8.5,0.143,0.071,0.071,28
929,1668,18.536,16.0,10.5,8.0,0.071,0.071,0.071,28
39,24,31.482,32.0,17.482,16.5,0.196,0.036,0.071,56
52,121,33.625,40.0,16.946,20.0,0.125,0.036,0.071,56
12,18,39.214,40.0,20.286,20.0,0.203,0.016,0.071,182
95,1047,23.721,20.0,12.674,10.0,0.233,0.233,0.07,43
43,343,24.404,20.0,12.105,10.0,0.211,0.228,0.07,57
63,570,25.302,20.0,15.279,10.0,0.186,0.186,0.07,43
79,95,38.028,40.0,19.648,20.0,0.028,0.183,0.07,71
95,347,22.687,20.0,11.809,10.0,0.183,0.157,0.07,115
133,91,25.721,25.0,12.837,12.0,0.116,0.116,0.07,43
47,2687,31.744,36.0,18.116,18.0,0.116,0.047,0.07,43
89,772,18.786,20.0,9.727,10.0,0.07,0.011,0.07,187
79,2982,40.655,40.0,20.483,20.0,0.0,0.241,0.069,29
32,4041,27.034,24.0,15.034,12.0,0.207,0.207,0.069,29
95,301,24.724,20.0,13.828,10.0,0.207,0.207,0.069,29
129,18,30.857,28.0,15.878,14.0,0.148,0.196,0.069,189
34,506,20.448,18.0,10.397,9.0,0.155,0.19,0.069,58
32,3362,26.034,24.0,14.103,12.0,0.138,0.138,0.069,29
108,1848,37.931,40.0,20.414,20.0,0.276,0.034,0.069,29
86,18,26.732,24.0,13.657,12.0,0.138,0.396,0.068,896
29,21,18.352,16.0,10.105,8.0,0.198,0.173,0.068,162
929,298,20.176,16.0,12.243,8.0,0.095,0.081,0.068,74
37,47,36.741,40.0,18.64,20.0,0.088,0.004,0.068,673
102,1655,34.233,21.5,20.267,10.0,0.2,0.333,0.067,30
32,1600,26.689,24.0,13.578,12.0,0.244,0.156,0.067,45
85,1031,35.489,32.0,21.644,16.0,0.156,0.156,0.067,45
60,560,22.75,20.0,13.202,10.0,0.202,0.135,0.067,104
35,77,19.61,17.5,11.079,9.0,0.146,0.11,0.067,164
47,78,32.181,36.0,16.631,18.0,0.136,0.108,0.067,609
32,436,23.478,23.0,12.489,10.5,0.133,0.078,0.067,90
116,1760,17.733,20.0,9.644,10.0,0.089,0.044,0.067,45
36,20,13.816,12.0,7.082,6.0,0.082,0.214,0.066,500
36,230,13.463,12.0,7.289,6.0,0.05,0.182,0.066,121
32,39,22.368,24.0,11.441,12.0,0.074,0.04,0.066,990
84,11,40.306,40.0,21.613,20.0,0.355,0.806,0.065,62
129,1662,60.806,60.0,36.581,30.0,0.645,0.742,0.065,31
86,511,27.806,28.0,15.645,14.0,0.194,0.419,0.065,31
34,39,23.805,20.0,12.075,10.0,0.188,0.218,0.065,841
29,790,20.652,16.0,11.739,8.0,0.217,0.217,0.065,46
54,92,25.899,28.0,13.289,14.0,0.14,0.169,0.065,356
35,3488,20.613,20.0,11.452,10.0,0.194,0.161,0.065,31
939,180,24.507,24.0,12.93,12.0,0.164,0.144,0.065,201
38,2456,27.387,26.0,14.903,13.0,0.129,0.097,0.065,31
39,1737,33.032,34.0,18.258,17.0,0.226,0.065,0.065,31
100,2440,16.742,16.0,8.355,8.0,0.065,0.032,0.065,31
116,852,17.226,18.0,8.548,9.0,0.032,0.032,0.065,31
96,23,34.61,40.0,17.494,20.0,0.156,0.0,0.065,77
94,2011,30.581,40.0,15.774,20.0,0.0,0.0,0.065,31
102,126,27.074,20.0,14.02,10.0,0.139,0.188,0.064,202
89,348,24.84,20.0,15.6,10.0,0.208,0.152,0.064,125
11,1330,37.851,40.0,19.574,21.0,0.149,0.149,0.064,47
41,432,24.009,20.0,14.083,10.0,0.183,0.147,0.064,109
123,908,35.791,40.0,18.616,20.0,0.238,0.11,0.064,172
43,422,21.275,20.0,11.743,10.0,0.073,0.046,0.064,109
12,1362,42.043,40.0,22.426,20.0,0.234,0.043,0.064,47
102,238,30.834,24.0,16.049,12.0,0.171,0.332,0.063,205
939,2473,25.508,24.0,14.286,12.0,0.175,0.143,0.063,63
29,675,18.556,18.0,9.524,9.0,0.143,0.143,0.063,63
63,1241,19.693,18.0,11.732,9.0,0.165,0.134,0.063,127
7,703,19.583,20.0,9.949,10.0,0.071,0.047,0.063,254
102,2140,29.781,20.5,15.688,11.0,0.125,0.281,0.062,32
54,571,30.156,25.0,16.188,12.5,0.188,0.188,0.062,32
41,1022,27.219,20.0,17.344,10.0,0.156,0.156,0.062,32
32,4758,26.896,24.0,14.938,12.0,0.25,0.146,0.062,48
25,356,21.875,18.0,14.188,9.0,0.188,0.125,0.062,32
102,2821,25.875,20.0,13.094,10.0,0.156,0.125,0.062,32
929,311,18.277,16.0,10.215,8.0,0.108,0.108,0.062,65
63,271,20.488,20.0,12.138,10.0,0.112,0.088,0.062,80
72,4,16.875,17.0,9.0,8.5,0.031,0.031,0.062,32
100,7559,16.5,20.0,8.031,10.0,0.0,0.0,0.062,32
86,857,25.061,20.0,12.303,10.0,0.061,0.424,0.061,33
35,259,27.122,19.0,16.367,9.0,0.347,0.327,0.061,49
32,788,31.955,21.0,21.212,11.5,0.258,0.227,0.061,66
89,1544,26.97,20.0,17.758,10.0,0.212,0.152,0.061,33
35,607,21.652,20.0,12.182,10.0,0.197,0.152,0.061,66
34,343,21.106,20.0,10.848,10.0,0.136,0.136,0.061,66
32,66,24.945,24.0,12.924,12.0,0.184,0.124,0.061,733
36,757,14.068,12.0,8.074,6.0,0.061,0.101,0.061,148
133,1487,25.879,22.0,14.424,11.0,0.152,0.091,0.061,33
7,536,20.904,20.0,11.132,10.0,0.127,0.076,0.061,197
929,622,17.495,16.0,10.101,8.0,0.081,0.051,0.061,99
165,766,17.948,20.0,9.799,10.0,0.135,0.039,0.061,229
165,285,17.242,20.0,8.848,10.0,0.061,0.03,0.061,33
110,367,41.02,44.0,20.837,23.0,0.204,0.02,0.061,49
40,283,39.354,40.0,19.987,20.0,0.122,0.013,0.061,393
37,19,38.827,40.0,20.704,20.0,0.184,0.01,0.061,98
54,10793,25.112,22.0,12.858,11.0,0.209,0.239,0.06,134
7,226,26.91,20.0,14.582,10.0,0.313,0.164,0.06,67
52,471,37.405,40.0,20.357,20.0,0.321,0.083,0.06,84
929,141,18.667,16.0,10.658,8.0,0.068,0.051,0.06,117
52,541,32.566,36.0,16.169,18.0,0.133,0.024,0.06,83
86,1528,34.706,38.0,18.196,20.0,0.255,0.784,0.059,51
102,2022,31.765,28.0,16.676,16.0,0.206,0.441,0.059,34
86,457,27.49,20.0,15.098,10.0,0.157,0.333,0.059,51
24,414,23.333,20.0,12.863,10.0,0.216,0.196,0.059,51
36,1648,15.324,12.0,10.353,6.0,0.118,0.176,0.059,34
35,85,22.667,20.0,11.601,10.0,0.209,0.163,0.059,153
939,91,20.961,20.0,10.941,10.0,0.078,0.098,0.059,51
32,557,23.584,24.0,11.886,12.0,0.097,0.074,0.059,473
39,333,31.0,32.0,17.382,16.0,0.147,0.059,0.059,34
100,232,14.471,16.0,7.265,8.0,0.059,0.029,0.059,34
929,1035,16.529,16.5,8.618,8.0,0.029,0.029,0.059,34
925,199,19.882,20.0,10.029,10.0,0.118,0.0,0.059,34
95,75,24.134,20.0,12.276,10.0,0.209,0.211,0.058,569
116,228,19.25,18.0,11.712,9.5,0.25,0.154,0.058,52
60,20,20.62,20.0,10.791,10.0,0.15,0.108,0.058,555
939,49,21.058,20.0,11.144,10.0,0.111,0.091,0.058,243
25,199,20.275,18.0,11.072,9.0,0.174,0.087,0.058,69
52,35,32.36,33.5,16.767,18.0,0.151,0.047,0.058,86
53,501,24.743,20.0,12.857,10.0,0.171,0.343,0.057,35
84,278,25.868,20.0,13.377,10.0,0.17,0.34,0.057,53
53,200,17.227,13.0,8.665,7.0,0.045,0.136,0.057,176
100,1678,20.189,16.0,13.925,8.0,0.189,0.132,0.057,53
53,1616,18.189,13.0,9.019,7.0,0.075,0.132,0.057,53
165,1016,17.019,18.0,8.491,9.0,0.057,0.038,0.057,53
89,25,19.494,20.0,10.118,10.0,0.081,0.035,0.057,654
960,349,16.302,16.0,8.434,8.0,0.028,0.009,0.057,106
73,413,40.257,44.0,20.571,22.0,0.029,0.0,0.057,35
43,49,31.339,30.0,15.589,15.0,0.403,0.444,0.056,124
86,34,26.944,20.0,14.819,11.0,0.125,0.361,0.056,72
95,2469,23.241,20.0,12.352,10.0,0.204,0.185,0.056,54
41,569,23.181,20.0,13.139,10.0,0.153,0.153,0.056,72
95,186,22.037,20.0,12.019,10.0,0.167,0.139,0.056,108
34,530,21.472,18.0,11.708,9.0,0.083,0.097,0.056,72
960,20,18.674,18.0,9.699,9.0,0.175,0.083,0.056,531
165,772,22.085,18.0,10.958,9.0,0.127,0.056,0.056,71
929,3755,17.111,16.5,9.444,9.0,0.083,0.056,0.056,36
72,57,17.704,18.0,8.761,9.0,0.028,0.042,0.056,71
25,227,16.527,18.0,8.42,9.0,0.102,0.034,0.056,567
32,1436,27.8,24.0,15.055,12.0,0.2,0.182,0.055,55
36,19,13.318,12.0,6.964,6.0,0.058,0.178,0.055,415
32,88,23.912,24.0,12.308,12.0,0.11,0.077,0.055,91
102,392,31.183,22.0,16.247,10.0,0.161,0.333,0.054,93
43,79,23.838,20.0,12.297,10.0,0.216,0.216,0.054,37
47,5190,33.135,36.0,17.622,18.0,0.189,0.135,0.054,37
29,86,16.797,16.0,8.601,8.0,0.123,0.111,0.054,990
165,146,19.432,20.0,11.234,10.0,0.126,0.09,0.054,111
123,406,33.365,32.0,16.77,16.0,0.162,0.054,0.054,74
40,452,38.378,40.0,20.459,20.0,0.108,0.027,0.054,37
110,908,37.535,36.0,20.442,22.0,0.202,0.008,0.054,129
41,1988,33.211,22.0,20.921,11.0,0.447,0.421,0.053,38
36,105,16.781,12.0,9.816,6.0,0.149,0.263,0.053,114
43,2607,24.816,20.0,13.263,10.0,0.237,0.237,0.053,38
41,11,21.679,20.0,11.082,10.0,0.177,0.138,0.053,514
43,877,22.105,20.0,12.342,10.0,0.132,0.079,0.053,38
133,252,25.772,26.0,13.0,13.0,0.123,0.053,0.053,57
54,509,24.01,22.0,12.124,11.0,0.124,0.124,0.052,97
63,503,18.17,20.0,9.433,10.0,0.098,0.046,0.052,194
25,3,17.199,18.0,8.828,9.0,0.046,0.031,0.052,326
86,578,25.975,20.0,14.101,12.0,0.114,0.38,0.051,79
102,337,32.897,30.0,17.744,11.0,0.128,0.333,0.051,39
35,865,26.577,20.0,14.782,10.0,0.333,0.321,0.051,78
43,426,23.904,20.0,13.537,10.0,0.169,0.176,0.051,136
133,111,25.814,24.0,14.237,12.0,0.102,0.051,0.051,59
25,232,17.517,18.0,9.14,9.0,0.126,0.025,0.051,435
32,8315,27.8,24.0,14.0,12.0,0.35,0.3,0.05,20
11,789,42.25,47.0,22.5,23.5,0.3,0.3,0.05,20
53,1100,24.183,19.0,14.1,9.0,0.117,0.283,0.05,60
29,4052,18.2,16.0,9.55,8.0,0.25,0.25,0.05,20
43,1154,27.15,20.0,17.1,10.0,0.25,0.25,0.05,20
79,3771,39.3,40.0,20.4,20.0,0.0,0.25,0.05,20
102,151,29.021,20.0,14.77,10.0,0.147,0.241,0.05,382
54,2576,26.75,25.0,14.15,12.5,0.2,0.2,0.05,20
95,323,23.283,20.0,12.1,10.0,0.167,0.167,0.05,60
94,2992,39.5,33.0,26.65,19.0,0.25,0.15,0.05,20
95,2117,23.7,20.0,12.4,10.0,0.15,0.15,0.05,20
34,18,21.361,18.0,11.105,9.0,0.123,0.115,0.05,563
35,11,19.813,20.0,10.086,10.0,0.133,0.109,0.05,723
32,418,26.55,22.5,15.45,12.0,0.1,0.1,0.05,20
43,735,22.275,20.0,12.375,10.0,0.1,0.075,0.05,40
110,1635,44.35,48.0,21.15,23.0,0.25,0.05,0.05,20
108,4027,37.8,40.0,21.6,20.0,0.2,0.05,0.05,20
35,1180,20.1,20.0,11.8,10.0,0.15,0.05,0.05,20
35,4417,18.35,19.0,10.2,10.0,0.1,0.05,0.05,40
110,711,36.3,31.5,17.8,14.0,0.1,0.05,0.05,20
73,210,42.931,44.0,22.327,22.0,0.129,0.02,0.05,101
108,1022,39.8,40.5,20.1,20.5,0.25,0.0,0.05,20
96,1516,32.95,36.5,16.75,19.5,0.1,0.0,0.05,20
96,1155,32.8,40.0,16.4,20.0,0.0,0.0,0.05,20
36,358,25.22,25.0,13.171,13.0,0.683,0.756,0.049,41
79,121,40.902,40.0,21.033,20.0,0.049,0.328,0.049,61
53,2774,27.439,19.0,18.976,10.0,0.171,0.293,0.049,41
24,386,25.476,20.0,14.291,10.0,0.175,0.175,0.049,103
95,255,21.52,20.0,11.228,10.0,0.13,0.114,0.049,123
133,667,26.333,24.0,13.843,12.0,0.196,0.098,0.049,102
47,453,29.681,33.5,15.231,17.0,0.066,0.038,0.049,182
89,480,19.367,20.0,10.123,10.0,0.092,0.021,0.049,390
89,548,19.82,20.0,10.508,10.0,0.066,0.016,0.049,61
960,473,23.667,20.0,12.667,10.0,0.381,0.333,0.048,21
34,922,24.381,18.0,12.095,9.0,0.238,0.286,0.048,21
35,1853,23.333,20.0,12.238,12.0,0.286,0.238,0.048,21
63,2385,26.738,20.0,16.595,10.0,0.262,0.238,0.048,42
45,459,23.0,20.0,11.571,10.0,0.19,0.238,0.048,21
939,1088,26.371,25.5,14.516,13.0,0.194,0.194,0.048,62
35,1213,19.857,20.0,10.286,10.0,0.238,0.19,0.048,21
29,1656,18.167,16.0,10.333,8.0,0.214,0.19,0.048,42
29,4573,22.714,16.0,14.381,8.0,0.19,0.19,0.048,21
54,2072,27.762,28.0,16.143,14.0,0.286,0.143,0.048,21
29,3755,20.667,16.0,12.333,8.0,0.143,0.143,0.048,21
960,865,21.476,20.0,12.857,10.0,0.286,0.095,0.048,21
116,1664,16.929,16.0,8.5,8.0,0.095,0.095,0.048,42
72,3402,18.476,18.0,10.667,9.0,0.095,0.095,0.048,21
37,31,38.286,36.0,19.524,18.0,0.143,0.048,0.048,21
7,230,20.095,20.0,10.667,10.0,0.048,0.048,0.048,21
35,1745,17.333,18.0,8.619,9.0,0.048,0.048,0.048,21
925,119,20.229,20.0,10.663,10.0,0.133,0.012,0.048,83
924,245,18.952,20.0,13.714,10.0,0.048,0.0,0.048,21
84,148,23.806,20.0,12.639,10.0,0.136,0.293,0.047,191
32,152,27.96,24.0,14.933,12.0,0.268,0.221,0.047,149
939,230,25.721,22.0,14.395,11.0,0.233,0.209,0.047,43
36,994,15.233,12.0,8.674,6.0,0.116,0.209,0.047,43
68,886,40.93,40.0,23.453,20.0,0.198,0.198,0.047,86
24,53,21.302,20.0,10.991,10.0,0.144,0.113,0.047,1063
35,355,20.163,18.0,10.977,9.0,0.093,0.093,0.047,43
116,18,16.781,16.0,8.478,8.0,0.063,0.039,0.047,716
102,467,32.892,37.0,17.062,20.0,0.062,0.508,0.046,65
939,18,24.465,22.5,12.669,12.0,0.148,0.134,0.046,284
133,49,24.077,24.0,12.304,12.0,0.096,0.069,0.046,260
929,86,16.953,16.0,8.747,8.0,0.033,0.03,0.046,570
102,3479,36.727,29.0,18.682,18.0,0.182,0.455,0.045,22
45,792,25.939,20.0,13.773,10.0,0.152,0.364,0.045,66
47,3673,49.636,36.0,24.091,18.0,0.273,0.273,0.045,22
41,2381,27.591,20.0,15.439,10.0,0.227,0.197,0.045,66
35,3294,23.955,20.0,12.955,10.0,0.227,0.182,0.045,22
54,65,27.409,26.5,14.318,13.5,0.227,0.182,0.045,22
133,127,31.227,26.0,17.864,12.5,0.227,0.182,0.045,22
24,2459,25.773,20.0,15.909,10.0,0.182,0.182,0.045,22
32,2311,26.909,24.0,13.727,12.0,0.182,0.182,0.045,22
34,1200,21.799,20.0,10.945,10.0,0.085,0.095,0.045,199
32,1024,25.545,24.0,14.795,12.0,0.136,0.068,0.045,44
53,399,22.442,19.0,11.593,9.0,0.097,0.288,0.044,226
36,2224,19.944,12.0,13.533,6.0,0.189,0.244,0.044,90
53,20,21.229,16.0,10.71,7.0,0.099,0.233,0.044,617
32,708,30.578,24.0,16.444,12.0,0.156,0.2,0.044,45
38,497,25.781,25.0,13.022,13.0,0.131,0.044,0.044,137
86,915,32.348,26.0,19.391,18.0,0.304,0.478,0.043,23
102,157,34.261,30.0,17.435,19.0,0.13,0.435,0.043,23
72,1906,23.043,20.0,11.723,10.0,0.17,0.298,0.043,47
54,4032,31.261,28.0,15.87,14.0,0.261,0.261,0.043,23
24,2903,25.087,20.0,13.826,10.0,0.261,0.217,0.043,23
95,1188,23.348,24.0,11.696,12.0,0.217,0.217,0.043,23
939,839,27.261,23.0,15.87,12.0,0.217,0.196,0.043,46
84,773,22.174,20.0,10.957,10.0,0.087,0.174,0.043,23
102,247,27.435,23.0,14.217,12.0,0.087,0.174,0.043,23
95,738,21.978,20.0,12.109,10.0,0.152,0.13,0.043,46
24,2069,20.935,20.0,10.707,10.0,0.13,0.109,0.043,92
60,473,20.887,18.0,11.139,9.0,0.148,0.104,0.043,115
84,198,19.136,18.0,10.171,9.0,0.032,0.094,0.043,374
929,3215,17.391,16.0,8.696,8.0,0.087,0.087,0.043,23
929,282,21.532,18.0,12.489,9.0,0.085,0.085,0.043,47
165,4355,19.277,20.0,9.298,10.0,0.064,0.064,0.043,47
165,592,18.681,20.0,9.745,10.0,0.191,0.032,0.043,94
43,2128,19.174,20.0,9.478,10.0,0.0,0.0,0.043,23
45,372,27.625,26.0,14.583,13.5,0.375,0.375,0.042,24
72,1295,23.958,20.0,12.062,10.0,0.25,0.292,0.042,48
102,446,29.689,20.0,15.58,10.0,0.176,0.261,0.042,119
95,829,23.125,21.5,11.417,11.0,0.208,0.208,0.042,24
53,1572,21.417,18.0,10.708,9.0,0.083,0.208,0.042,24
29,948,17.375,16.0,8.417,8.0,0.208,0.167,0.042,24
165,480,23.083,18.0,15.083,9.5,0.208,0.167,0.042,24
72,742,19.625,18.0,10.042,9.5,0.083,0.167,0.042,24
41,180,22.514,20.0,12.5,10.0,0.194,0.139,0.042,72
39,820,37.875,36.0,23.5,18.0,0.208,0.125,0.042,24
133,301,28.458,27.0,15.792,13.5,0.125,0.125,0.042,24
41,2042,21.708,20.0,10.583,10.0,0.083,0.125,0.042,24
39,839,34.125,34.0,19.083,17.0,0.208,0.042,0.042,24
40,318,41.75,44.0,21.958,20.0,0.167,0.042,0.042,24
96,390,35.437,40.0,18.324,20.0,0.155,0.014,0.042,71
25,836,17.083,18.0,8.5,9.0,0.083,0.0,0.042,24
924,2069,19.125,20.0,10.396,10.0,0.021,0.0,0.042,48
72,232,23.901,20.0,12.135,10.0,0.233,0.341,0.041,639
36,180,13.522,12.0,6.965,6.0,0.068,0.139,0.041,1422
86,852,28.96,30.0,14.44,15.0,0.12,0.44,0.04,25
60,2125,24.24,22.0,12.16,11.0,0.28,0.24,0.04,25
29,2302,21.2,16.0,12.6,8.0,0.24,0.2,0.04,25
41,3354,23.52,20.0,12.32,10.0,0.24,0.2,0.04,25
29,192,19.596,16.0,10.093,8.0,0.205,0.199,0.04,151
29,3907,15.2,16.0,7.6,8.0,0.08,0.08,0.04,25
7,292,21.28,20.0,11.56,10.0,0.08,0.04,0.04,25
45,3230,25.118,20.0,13.314,10.0,0.196,0.373,0.039,51
53,667,37.887,40.0,19.038,20.0,0.396,0.698,0.038,53
41,1717,30.731,22.0,17.615,11.0,0.423,0.385,0.038,26
43,1232,29.308,20.0,21.846,10.0,0.308,0.269,0.038,26
79,348,40.731,40.0,22.577,20.0,0.077,0.269,0.038,26
35,653,23.0,20.0,12.423,10.0,0.192,0.154,0.038,26
73,2210,49.885,44.0,30.923,22.0,0.192,0.115,0.038,26
7,128,23.5,20.0,14.308,10.0,0.115,0.115,0.038,26
32,821,22.987,23.0,11.43,12.0,0.101,0.038,0.038,79
116,4258,20.731,16.0,12.308,8.0,0.077,0.038,0.038,26
32,6643,22.769,20.0,11.423,10.0,0.038,0.038,0.038,26
39,1331,29.615,32.5,16.654,17.0,0.231,0.0,0.038,26
960,1853,18.654,19.5,9.385,10.0,0.115,0.0,0.038,26
53,3244,44.63,41.0,26.259,20.0,0.481,0.815,0.037,27
84,4594,28.037,22.0,16.074,11.0,0.222,0.333,0.037,27
53,309,26.648,17.0,14.593,8.0,0.185,0.333,0.037,54
54,1249,29.889,27.0,17.481,14.0,0.185,0.222,0.037,27
95,182,23.283,20.0,12.125,10.0,0.17,0.164,0.037,353
95,2614,24.815,20.0,12.407,10.0,0.185,0.148,0.037,27
41,548,24.024,20.0,12.256,10.0,0.22,0.134,0.037,82
123,619,37.704,46.0,18.852,23.0,0.333,0.111,0.037,27
960,71,20.074,20.0,10.685,10.0,0.167,0.074,0.037,54
12,1025,42.796,42.0,22.5,21.0,0.204,0.019,0.037,54
84,1452,31.357,20.0,21.536,10.0,0.321,0.393,0.036,28
45,2,25.411,20.0,12.872,10.0,0.132,0.371,0.036,773
102,2960,33.571,26.0,18.571,11.0,0.179,0.357,0.036,28
72,2561,24.821,18.0,13.286,9.0,0.179,0.321,0.036,28
95,586,26.821,28.0,13.732,14.0,0.321,0.286,0.036,56
95,3107,26.286,20.0,15.321,10.0,0.179,0.179,0.036,28
41,5005,22.5,20.0,11.786,10.0,0.143,0.143,0.036,28
102,200,22.072,20.0,11.078,10.0,0.012,0.078,0.036,167
53,405,16.786,13.0,8.429,6.0,0.036,0.071,0.036,28
52,1245,40.928,40.0,20.819,20.0,0.398,0.048,0.036,83
32,9,22.657,24.0,11.494,12.0,0.062,0.029,0.036,613
924,53,19.296,20.0,10.587,10.0,0.072,0.004,0.036,223
29,2054,20.386,16.0,11.263,8.0,0.193,0.193,0.035,57
95,252,24.646,22.0,13.142,11.0,0.212,0.186,0.035,113
129,4821,39.103,40.0,21.931,20.0,0.276,0.414,0.034,29
72,1800,27.763,20.0,15.085,10.0,0.271,0.407,0.034,59
34,845,29.828,30.0,17.586,15.0,0.31,0.379,0.034,29
939,422,22.759,20.0,11.414,10.0,0.172,0.172,0.034,29
165,198,19.379,20.0,10.931,8.0,0.138,0.103,0.034,29
116,1770,21.069,16.0,12.69,8.0,0.103,0.103,0.034,29
38,49,25.217,24.0,12.814,12.0,0.103,0.046,0.034,263
89,2152,19.0,20.0,9.759,10.0,0.138,0.034,0.034,29
929,675,16.948,17.5,8.724,9.0,0.017,0.017,0.034,58
94,477,33.862,40.0,17.345,20.0,0.034,0.0,0.034,29
36,1021,21.0,12.0,14.3,6.0,0.167,0.367,0.033,30
36,1767,17.066,12.0,8.852,6.0,0.197,0.311,0.033,61
29,2613,21.467,16.0,12.667,8.0,0.3,0.3,0.033,30
36,1149,17.533,12.0,11.367,6.0,0.144,0.244,0.033,90
7,3001,22.467,20.0,10.8,10.0,0.167,0.133,0.033,30
929,54,18.923,16.0,10.758,8.0,0.066,0.055,0.033,91
116,197,17.31,16.0,8.954,8.0,0.067,0.025,0.033,239
34,649,30.532,30.0,15.355,15.0,0.387,0.484,0.032,62
97,75,64.355,60.0,32.0,30.0,0.129,0.161,0.032,31
35,95,24.903,20.0,13.581,10.0,0.194,0.129,0.032,31
24,55,20.09,20.0,10.73,10.0,0.072,0.05,0.032,222
68,1325,61.875,60.0,35.938,30.0,0.375,0.562,0.031,32
97,258,70.094,60.0,36.75,30.0,0.281,0.25,0.031,32
41,25,23.01,20.0,11.787,10.0,0.204,0.166,0.031,682
7,188,22.812,20.0,13.281,10.0,0.094,0.062,0.031,32
7,476,19.938,20.0,10.031,10.0,0.062,0.031,0.031,32
45,448,25.742,20.0,13.742,10.0,0.197,0.348,0.03,66
86,1055,25.237,20.0,13.178,12.0,0.074,0.296,0.03,135
929,372,19.091,18.0,9.848,9.0,0.152,0.091,0.03,33
960,226,16.955,16.0,8.731,8.0,0.104,0.045,0.03,67
45,221,27.486,24.0,14.314,14.0,0.314,0.443,0.029,70
102,178,33.941,25.0,19.971,10.0,0.265,0.294,0.029,34
34,5,26.19,20.0,14.571,10.0,0.238,0.276,0.029,105
84,704,21.5,19.0,11.324,9.5,0.074,0.206,0.029,68
36,1580,12.912,12.0,6.5,6.0,0.059,0.176,0.029,34
165,515,19.689,20.0,10.592,10.0,0.087,0.068,0.029,103
12,109,44.0,47.0,23.265,24.0,0.206,0.029,0.029,34
96,3617,36.796,40.0,18.816,20.0,0.136,0.029,0.029,103
165,397,17.971,16.0,10.116,8.0,0.065,0.029,0.029,138
35,1179,21.278,21.0,10.583,10.5,0.222,0.194,0.028,36
95,605,25.806,20.0,13.944,10.0,0.194,0.194,0.028,36
939,1983,25.139,23.0,13.222,11.5,0.167,0.167,0.028,36
165,982,19.268,20.0,10.662,10.0,0.099,0.056,0.028,71
7,285,19.773,20.0,10.231,10.0,0.057,0.032,0.028,853
41,557,22.389,20.0,9.528,10.0,0.083,0.028,0.028,36
84,383,22.769,18.0,12.154,9.0,0.095,0.24,0.027,221
11,1181,41.649,42.0,20.892,21.0,0.216,0.216,0.027,37
29,1274,22.351,16.0,8.784,8.0,0.081,0.108,0.027,37
32,564,26.306,24.0,15.136,12.0,0.129,0.088,0.027,147
32,117,23.068,24.0,11.763,12.0,0.05,0.027,0.027,219
84,1898,24.282,20.0,13.526,10.0,0.103,0.256,0.026,78
36,387,14.169,12.0,6.961,6.0,0.052,0.208,0.026,77
165,804,19.667,17.0,10.333,9.0,0.128,0.154,0.026,39
32,85,25.615,24.0,13.308,12.0,0.205,0.128,0.026,39
95,233,21.949,20.0,12.538,10.0,0.154,0.128,0.026,39
85,2771,28.385,27.0,14.949,15.0,0.103,0.103,0.026,39
63,4301,19.256,20.0,9.667,10.0,0.077,0.051,0.026,39
102,2163,37.025,30.0,21.42,14.0,0.272,0.444,0.025,81
53,1181,28.519,20.0,16.241,12.0,0.165,0.392,0.025,79
41,1436,22.55,20.0,11.3,10.0,0.125,0.075,0.025,40
7,1598,22.2,20.0,12.8,10.0,0.1,0.075,0.025,40
929,192,17.19,16.0,8.802,8.0,0.058,0.058,0.025,121
960,11,19.352,20.0,9.773,10.0,0.12,0.05,0.025,640
116,374,18.899,16.0,10.684,8.0,0.063,0.038,0.025,79
24,1638,21.488,20.0,11.083,10.0,0.167,0.131,0.024,84
54,7559,28.024,30.0,14.119,15.0,0.071,0.071,0.024,42
35,564,18.591,16.0,9.575,8.0,0.087,0.067,0.024,416
925,780,20.167,20.0,10.286,10.0,0.071,0.024,0.024,42
925,232,21.003,20.0,10.508,10.0,0.054,0.02,0.024,295
34,1086,34.182,34.0,18.136,17.0,0.364,0.591,0.023,44
95,2163,24.86,20.0,13.605,10.0,0.209,0.209,0.023,43
95,111,23.122,20.0,11.832,10.0,0.155,0.148,0.023,304
165,23,19.605,18.0,10.884,9.0,0.209,0.14,0.023,43
43,1141,21.761,20.0,11.652,10.0,0.065,0.065,0.022,46
43,495,28.617,20.0,17.17,10.0,0.277,0.255,0.021,47
960,1414,23.766,20.0,14.426,10.0,0.191,0.128,0.021,47
54,690,24.396,22.0,12.625,11.0,0.125,0.104,0.021,48
47,408,28.562,20.0,16.021,10.0,0.104,0.083,0.021,48
41,88,22.071,20.0,11.672,10.0,0.137,0.075,0.021,241
60,11,20.466,20.0,10.251,10.0,0.102,0.04,0.021,669
53,228,37.196,40.0,18.784,20.0,0.275,0.725,0.02,51
116,1124,20.757,16.0,12.204,8.0,0.117,0.068,0.019,103
116,237,18.633,16.5,10.059,8.0,0.074,0.046,0.019,324
7,375,20.222,20.0,10.481,10.0,0.056,0.037,0.019,54
86,469,28.088,22.0,15.009,12.0,0.132,0.404,0.018,114
41,523,23.321,20.0,11.911,10.0,0.196,0.179,0.018,56
72,59,16.483,16.0,8.362,8.0,0.034,0.034,0.017,58
86,195,29.116,24.0,15.101,12.0,0.14,0.419,0.016,129
36,923,14.872,12.0,7.84,6.0,0.097,0.204,0.016,382
34,2440,22.77,20.0,11.656,10.0,0.164,0.18,0.016,61
36,1903,19.912,12.5,12.824,6.0,0.162,0.294,0.015,68
924,55,20.478,20.0,11.058,10.0,0.058,0.029,0.014,69
32,1599,37.347,37.5,18.893,19.0,0.613,0.507,0.013,150
116,469,20.267,17.5,12.023,8.5,0.116,0.07,0.012,86
38,347,26.864,26.0,14.222,13.0,0.086,0.049,0.012,81
89,562,20.27,20.0,10.955,10.0,0.079,0.034,0.011,89
165,639,17.551,20.0,8.929,10.0,0.051,0.031,0.01,98
45,5374,38.773,40.0,21.727,20.0,0.591,0.818,0.0,22
102,1781,52.821,60.0,26.929,30.0,0.607,0.786,0.0,28
24,227,35.571,36.0,18.893,18.5,0.839,0.714,0.0,56
86,2645,31.773,34.0,16.182,17.0,0.273,0.545,0.0,22
86,851,31.045,30.0,16.364,14.0,0.091,0.5,0.0,22
43,91,34.074,30.0,17.0,15.0,0.444,0.481,0.0,27
34,504,36.091,30.0,21.091,16.0,0.455,0.455,0.0,22
54,3309,31.273,29.5,15.318,14.5,0.318,0.409,0.0,22
95,1388,33.35,28.0,18.9,15.5,0.5,0.4,0.0,20
68,1494,51.943,46.0,26.143,24.0,0.257,0.371,0.0,35
86,1069,29.433,20.5,16.967,10.5,0.2,0.367,0.0,30
79,3591,46.13,48.0,22.565,22.0,0.043,0.348,0.0,23
53,2128,26.346,18.5,13.154,9.5,0.269,0.346,0.0,26
29,825,22.542,19.5,12.5,10.0,0.333,0.333,0.0,24
102,1636,34.259,20.0,21.0,10.0,0.185,0.333,0.0,27
102,449,36.814,30.0,21.744,16.0,0.279,0.326,0.0,43
36,1612,19.367,13.0,12.533,6.5,0.133,0.3,0.0,30
53,1203,30.091,20.0,23.818,10.5,0.182,0.273,0.0,22
24,3766,24.083,20.0,12.542,10.0,0.292,0.25,0.0,24
95,3766,25.667,24.0,12.619,12.0,0.19,0.238,0.0,21
53,975,23.048,18.0,12.81,8.0,0.095,0.238,0.0,21
86,3054,22.381,20.0,11.048,10.0,0.0,0.238,0.0,21
36,1013,13.5,12.0,7.0,6.0,0.045,0.227,0.0,22
102,1704,32.281,25.0,18.062,12.0,0.156,0.219,0.0,32
36,648,15.879,13.0,8.545,6.0,0.091,0.212,0.0,33
29,293,19.76,16.0,9.88,8.0,0.2,0.2,0.0,25
35,118,22.9,18.0,12.45,9.0,0.2,0.2,0.0,20
54,13991,24.6,22.0,12.1,11.0,0.2,0.2,0.0,20
86,1711,23.45,20.0,11.75,10.0,0.05,0.2,0.0,20
41,1633,25.129,20.0,12.613,10.0,0.29,0.194,0.0,31
95,1178,25.085,20.0,14.22,10.0,0.186,0.186,0.0,59
41,3692,28.864,20.0,15.455,10.0,0.364,0.182,0.0,22
89,3518,28.636,20.0,18.227,10.0,0.182,0.182,0.0,22
53,1997,22.636,19.5,12.5,8.5,0.136,0.182,0.0,22
960,1177,22.55,20.0,12.3,10.0,0.2,0.15,0.0,20
35,3311,19.55,18.0,10.0,9.0,0.15,0.15,0.0,20
52,5982,42.476,40.0,21.238,20.0,0.429,0.143,0.0,21
102,391,24.667,23.5,12.567,11.0,0.0,0.133,0.0,30
34,1249,19.484,17.0,10.161,8.0,0.097,0.129,0.0,31
35,133,20.641,20.0,11.026,10.0,0.179,0.128,0.0,39
32,5260,24.56,23.0,12.8,12.0,0.2,0.12,0.0,25
63,1700,25.05,20.0,15.383,10.0,0.133,0.117,0.0,60
116,1703,21.106,16.0,12.553,8.0,0.106,0.106,0.0,47
41,1571,22.25,20.0,11.65,10.0,0.15,0.1,0.0,20
60,2136,22.2,20.0,11.1,10.0,0.133,0.1,0.0,30
32,121,25.507,24.0,13.767,12.0,0.11,0.096,0.0,73
29,1518,17.286,15.0,8.762,8.0,0.143,0.095,0.0,21
34,2644,20.143,18.0,10.048,9.0,0.095,0.095,0.0,21
52,591,38.762,40.0,19.381,20.0,0.095,0.095,0.0,21
108,1014,42.091,40.0,24.818,20.0,0.273,0.091,0.0,22
165,612,18.727,15.0,10.409,8.0,0.091,0.091,0.0,22
129,4229,31.478,30.0,16.739,15.0,0.087,0.087,0.0,23
24,2276,22.075,20.0,13.125,10.0,0.15,0.075,0.0,40
133,4233,28.778,24.0,15.889,12.0,0.074,0.074,0.0,27
929,948,17.724,16.0,8.862,8.0,0.069,0.069,0.0,29
60,628,22.333,22.0,11.833,11.0,0.133,0.067,0.0,30
165,1409,19.871,20.0,11.452,10.0,0.097,0.065,0.0,31
110,1583,48.565,48.0,26.435,26.0,0.348,0.043,0.0,23
925,1056,19.826,19.0,10.783,10.0,0.043,0.043,0.0,23
84,1365,17.708,16.0,9.417,8.0,0.042,0.042,0.0,24
85,2457,28.898,30.0,14.776,15.0,0.061,0.041,0.0,49
165,3044,18.92,16.0,10.8,8.0,0.08,0.04,0.0,25
7,995,21.793,20.0,12.207,10.0,0.069,0.034,0.0,29
38,2549,26.3,26.0,13.233,13.0,0.1,0.033,0.0,30
89,1091,20.613,20.0,10.935,10.0,0.032,0.032,0.0,31
7,551,20.068,20.0,10.0,10.0,0.023,0.023,0.0,44
89,226,17.397,19.0,9.034,10.0,0.121,0.017,0.0,58
12,1037,40.017,40.0,21.81,20.0,0.19,0.0,0.0,58
40,30,44.227,49.0,23.0,25.0,0.136,0.0,0.0,22
924,221,18.826,20.0,9.304,10.0,0.13,0.0,0.0,23
52,799,35.391,36.0,18.348,18.0,0.087,0.0,0.0,23
96,285,33.25,38.0,16.35,19.5,0.05,0.0,0.0,20
89,523,18.925,20.0,9.538,10.0,0.012,0.0,0.0,80
72,7559,16.408,16.0,8.163,8.0,0.0,0.0,0.0,49
939,1106,23.741,24.0,11.889,12.0,0.0,0.0,0.0,27
38,255,26.136,27.0,13.045,13.5,0.0,0.0,0.0,22
89,3692,19.476,20.0,9.714,10.0,0.0,0.0,0.0,21
7,4537,19.75,20.0,9.85,10.0,0.0,0.0,0.0,20
